source_id,platform,is_wildchat,decision_delegation,narrative_context,emotional_disclosure,social_embeddedness_llm,communication_oriented_request,uncertainty_expression,objective_analysis_request,sympathy_support_request,harsh_truth_request,step_by_step_request,template_request,self_evaluation_request,vulnerability_marker_present,log_word_count,personal_situated_score,domain,factual_personal_label,preference_level,self_disclosure_depth
reddit_0,Reddit,0,1,1,0,1,0,0,0,0,0,1,0,0,0,3.4339872044851463,1,health_wellbeing,personal_situated,2_clear_stated_preference,2_personal_difficulty_or_preference
reddit_1,Reddit,0,0,1,1,1,0,0,1,0,0,0,0,0,0,4.204692619390966,1,health_wellbeing,personal_situated,1_weak_or_implicit_preference,2_personal_difficulty_or_preference
reddit_2,Reddit,0,1,1,1,1,0,0,0,0,0,1,0,0,1,6.395261598115449,1,health_wellbeing,personal_situated,2_clear_stated_preference,3_vulnerable_or_intimate_disclosure
reddit_3,Reddit,0,0,1,1,1,0,0,0,0,0,0,0,0,0,5.69035945432406,1,finance_business,personal_situated,2_clear_stated_preference,2_personal_difficulty_or_preference
reddit_4,Reddit,0,1,1,1,1,0,0,0,0,0,0,0,0,0,4.1588830833596715,1,daily_life_practical,personal_situated,0_no_stated_preference,1_factual_context
reddit_5,Reddit,0,1,1,1,1,0,1,0,0,0,0,0,0,0,4.174387269895637,1,relationship_social,personal_situated,0_no_stated_preference,2_personal_difficulty_or_preference
reddit_6,Reddit,0,1,1,1,1,0,1,1,1,0,1,0,0,0,5.860786223465865,1,daily_life_practical,personal_situated,2_clear_stated_preference,2_personal_difficulty_or_preference
reddit_7,Reddit,0,1,1,1,1,0,1,0,1,0,0,0,0,1,6.495265555937008,1,health_wellbeing,personal_situated,1_weak_or_implicit_preference,3_vulnerable_or_intimate_disclosure
reddit_8,Reddit,0,1,1,1,1,1,0,1,0,0,1,1,0,0,6.056784013228625,1,family,personal_situated,2_clear_stated_preference,2_personal_difficulty_or_preference
reddit_9,Reddit,0,1,1,0,0,0,0,1,0,0,0,0,0,0,4.406719247264253,1,daily_life_practical,personal_situated,2_clear_stated_preference,2_personal_difficulty_or_preference
reddit_10,Reddit,0,1,1,1,1,1,1,0,0,0,1,0,0,1,5.627621113690637,1,family,personal_situated,1_weak_or_implicit_preference,3_vulnerable_or_intimate_disclosure
reddit_11,Reddit,0,1,1,1,1,1,1,1,0,0,1,0,0,0,5.883322388488279,1,family,personal_situated,2_clear_stated_preference,2_personal_difficulty_or_preference
reddit_12,Reddit,0,1,1,0,1,1,0,1,0,0,0,0,0,0,4.700480365792417,1,career_work,personal_situated,2_clear_stated_preference,1_factual_context
reddit_13,Reddit,0,1,1,0,1,0,0,0,0,0,0,0,0,0,3.912023005428146,0,daily_life_practical,factual_informational,0_no_stated_preference,0_minimal_or_no_disclosure
reddit_14,Reddit,0,1,1,0,1,0,0,0,0,0,1,0,0,0,4.290459441148391,1,career_work,mixed,1_weak_or_implicit_preference,1_factual_context
reddit_15,Reddit,0,1,1,1,1,1,1,0,0,0,0,0,0,1,5.579729825986222,1,relationship_social,personal_situated,1_weak_or_implicit_preference,3_vulnerable_or_intimate_disclosure
reddit_16,Reddit,0,1,1,1,1,0,1,0,0,0,0,0,0,0,4.356708826689592,1,daily_life_practical,mixed,1_weak_or_implicit_preference,1_factual_context
reddit_17,Reddit,0,1,1,1,1,0,1,0,0,0,0,0,0,0,5.135798437050262,1,education_application,personal_situated,1_weak_or_implicit_preference,2_personal_difficulty_or_preference
reddit_18,Reddit,0,1,1,1,1,0,0,0,0,0,1,0,1,1,4.07753744390572,1,relationship_social,personal_situated,2_clear_stated_preference,2_personal_difficulty_or_preference
reddit_19,Reddit,0,1,1,1,1,0,1,0,0,0,0,0,0,0,5.472270673671475,1,education_application,personal_situated,1_weak_or_implicit_preference,2_personal_difficulty_or_preference
reddit_20,Reddit,0,1,1,1,1,0,1,0,0,0,0,0,0,0,5.407171771460119,1,relationship_social,personal_situated,1_weak_or_implicit_preference,2_personal_difficulty_or_preference
reddit_21,Reddit,0,1,1,0,1,0,1,1,0,0,0,0,0,0,4.248495242049359,1,daily_life_practical,personal_situated,0_no_stated_preference,1_factual_context
reddit_22,Reddit,0,1,1,1,1,1,0,1,1,0,0,1,0,1,5.655991810819852,1,relationship_social,personal_situated,2_clear_stated_preference,3_vulnerable_or_intimate_disclosure
reddit_23,Reddit,0,1,1,1,1,1,1,1,0,0,0,0,1,0,5.768320995793772,1,career_work,personal_situated,1_weak_or_implicit_preference,2_personal_difficulty_or_preference
reddit_24,Reddit,0,1,1,1,1,0,1,1,0,0,0,0,0,0,5.846438775057725,1,education_application,personal_situated,1_weak_or_implicit_preference,2_personal_difficulty_or_preference
reddit_25,Reddit,0,1,1,1,1,0,1,1,0,0,0,0,0,0,4.68213122712422,1,career_work,personal_situated,2_clear_stated_preference,2_personal_difficulty_or_preference
reddit_26,Reddit,0,1,1,1,1,0,1,0,0,0,0,0,1,1,6.129050210060545,1,relationship_social,personal_situated,1_weak_or_implicit_preference,3_vulnerable_or_intimate_disclosure
reddit_27,Reddit,0,1,1,1,1,0,1,1,0,0,0,0,0,1,6.284134161070802,1,relationship_social,personal_situated,1_weak_or_implicit_preference,3_vulnerable_or_intimate_disclosure
reddit_28,Reddit,0,1,1,0,1,1,1,0,0,0,0,0,0,1,5.910796644040527,1,relationship_social,personal_situated,1_weak_or_implicit_preference,3_vulnerable_or_intimate_disclosure
reddit_29,Reddit,0,1,1,0,1,1,1,1,0,0,1,1,1,1,4.912654885736052,1,legal_bureaucratic,mixed,2_clear_stated_preference,2_personal_difficulty_or_preference
reddit_30,Reddit,0,1,1,0,1,0,1,0,0,0,0,0,0,0,4.5217885770490405,1,daily_life_practical,personal_situated,1_weak_or_implicit_preference,1_factual_context
reddit_31,Reddit,0,1,1,0,1,0,0,1,0,0,1,0,0,1,5.934894195619588,1,family,personal_situated,2_clear_stated_preference,3_vulnerable_or_intimate_disclosure
reddit_32,Reddit,0,1,1,1,1,0,1,0,0,0,1,0,0,1,5.834810737062605,1,family,personal_situated,2_clear_stated_preference,3_vulnerable_or_intimate_disclosure
reddit_33,Reddit,0,1,1,1,1,1,1,1,1,0,0,0,1,1,6.369900982828227,1,legal_bureaucratic,personal_situated,1_weak_or_implicit_preference,3_vulnerable_or_intimate_disclosure
reddit_34,Reddit,0,1,1,1,1,1,1,0,0,0,0,0,0,0,4.51085950651685,1,relationship_social,personal_situated,1_weak_or_implicit_preference,2_personal_difficulty_or_preference
reddit_35,Reddit,0,1,1,1,1,1,0,0,0,0,1,0,0,1,4.976733742420574,1,health_wellbeing,personal_situated,2_clear_stated_preference,2_personal_difficulty_or_preference
reddit_36,Reddit,0,0,1,1,1,0,1,0,1,0,0,0,0,1,5.5093883366279774,1,health_wellbeing,personal_situated,0_no_stated_preference,3_vulnerable_or_intimate_disclosure
reddit_37,Reddit,0,1,1,1,1,0,1,0,1,0,0,0,0,0,5.6937321388027,1,relationship_social,personal_situated,2_clear_stated_preference,2_personal_difficulty_or_preference
reddit_38,Reddit,0,1,1,0,1,0,1,0,0,0,1,0,0,0,4.248495242049359,1,daily_life_practical,personal_situated,0_no_stated_preference,1_factual_context
reddit_39,Reddit,0,0,1,1,0,0,0,1,0,0,0,0,0,1,4.718498871295094,1,health_wellbeing,personal_situated,0_no_stated_preference,3_vulnerable_or_intimate_disclosure
reddit_40,Reddit,0,1,1,1,1,0,1,0,0,0,0,0,0,1,6.573680166960646,1,health_wellbeing,personal_situated,2_clear_stated_preference,2_personal_difficulty_or_preference
reddit_41,Reddit,0,1,1,1,1,1,1,0,0,0,1,0,0,0,5.3706380281276624,1,relationship_social,personal_situated,1_weak_or_implicit_preference,2_personal_difficulty_or_preference
reddit_42,Reddit,0,1,1,0,1,0,0,0,0,0,0,0,0,0,5.659482215759621,1,legal_bureaucratic,personal_situated,1_weak_or_implicit_preference,1_factual_context
reddit_43,Reddit,0,1,1,1,1,0,1,1,0,0,0,0,0,0,6.075346031088684,1,career_work,personal_situated,1_weak_or_implicit_preference,2_personal_difficulty_or_preference
reddit_44,Reddit,0,0,0,0,0,0,0,1,0,0,0,0,0,0,3.295836866004329,0,daily_life_practical,factual_informational,1_weak_or_implicit_preference,0_minimal_or_no_disclosure
reddit_45,Reddit,0,1,1,1,1,0,0,1,0,0,1,0,0,0,5.267858159063328,1,legal_bureaucratic,personal_situated,1_weak_or_implicit_preference,2_personal_difficulty_or_preference
reddit_46,Reddit,0,1,1,1,1,0,1,0,0,0,0,0,1,1,5.117993812416755,1,relationship_social,personal_situated,1_weak_or_implicit_preference,3_vulnerable_or_intimate_disclosure
reddit_47,Reddit,0,1,1,1,1,0,1,1,0,0,0,0,0,1,5.993961427306569,1,finance_business,personal_situated,2_clear_stated_preference,3_vulnerable_or_intimate_disclosure
reddit_48,Reddit,0,1,1,1,1,0,1,1,0,0,0,0,0,1,6.1675164908883415,1,relationship_social,personal_situated,1_weak_or_implicit_preference,2_personal_difficulty_or_preference
reddit_49,Reddit,0,1,1,0,0,0,1,1,0,0,0,0,0,0,5.811140992976701,1,career_work,personal_situated,2_clear_stated_preference,2_personal_difficulty_or_preference
reddit_50,Reddit,0,1,1,1,1,0,1,1,0,0,0,0,1,1,4.59511985013459,1,relationship_social,personal_situated,2_clear_stated_preference,2_personal_difficulty_or_preference
reddit_51,Reddit,0,1,1,1,1,0,0,0,0,0,0,0,0,1,6.093569770045136,1,relationship_social,personal_situated,2_clear_stated_preference,3_vulnerable_or_intimate_disclosure
reddit_52,Reddit,0,1,1,1,1,0,1,0,0,0,0,0,0,1,4.969813299576001,1,family,personal_situated,2_clear_stated_preference,3_vulnerable_or_intimate_disclosure
reddit_53,Reddit,0,1,1,0,1,1,1,1,0,0,0,0,0,0,5.147494476813453,1,relationship_social,personal_situated,1_weak_or_implicit_preference,2_personal_difficulty_or_preference
reddit_54,Reddit,0,0,1,0,1,0,0,0,0,0,1,0,0,0,4.23410650459726,0,finance_business,mixed,2_clear_stated_preference,1_factual_context
reddit_55,Reddit,0,1,1,1,1,0,1,0,1,0,0,0,0,1,5.631211781821365,1,relationship_social,personal_situated,2_clear_stated_preference,3_vulnerable_or_intimate_disclosure
reddit_56,Reddit,0,1,1,1,1,0,1,0,0,0,1,0,0,0,5.924255797414532,1,career_work,mixed,1_weak_or_implicit_preference,2_personal_difficulty_or_preference
reddit_57,Reddit,0,1,1,0,1,0,1,1,0,0,1,0,0,1,5.655991810819852,1,legal_bureaucratic,personal_situated,2_clear_stated_preference,2_personal_difficulty_or_preference
reddit_58,Reddit,0,0,1,1,1,0,0,1,0,0,0,0,0,0,5.961005339623274,1,legal_bureaucratic,personal_situated,1_weak_or_implicit_preference,2_personal_difficulty_or_preference
reddit_59,Reddit,0,0,1,1,1,0,1,0,0,0,0,0,1,1,4.564348191467836,1,relationship_social,personal_situated,1_weak_or_implicit_preference,3_vulnerable_or_intimate_disclosure
reddit_60,Reddit,0,1,1,0,1,0,0,1,0,0,0,0,0,0,5.652489180268651,1,career_work,personal_situated,2_clear_stated_preference,1_factual_context
reddit_61,Reddit,0,1,1,1,1,1,1,1,0,0,0,0,1,1,6.175867270105761,1,relationship_social,personal_situated,2_clear_stated_preference,3_vulnerable_or_intimate_disclosure
reddit_62,Reddit,0,0,1,1,1,0,1,0,1,0,0,0,0,1,5.293304824724492,1,relationship_social,personal_situated,2_clear_stated_preference,3_vulnerable_or_intimate_disclosure
reddit_63,Reddit,0,1,1,0,1,0,0,1,0,0,0,0,0,0,5.703782474656201,1,legal_bureaucratic,mixed,2_clear_stated_preference,1_factual_context
reddit_64,Reddit,0,1,1,1,1,0,1,1,0,0,1,0,0,0,5.537334267018537,1,relationship_social,personal_situated,1_weak_or_implicit_preference,2_personal_difficulty_or_preference
reddit_65,Reddit,0,0,1,1,1,0,1,1,0,0,0,0,0,1,5.099866427824199,1,health_wellbeing,personal_situated,0_no_stated_preference,3_vulnerable_or_intimate_disclosure
reddit_66,Reddit,0,1,1,1,1,1,0,0,1,0,0,0,1,1,5.0689042022202315,1,relationship_social,personal_situated,1_weak_or_implicit_preference,3_vulnerable_or_intimate_disclosure
reddit_67,Reddit,0,1,1,1,1,0,1,0,0,0,1,0,0,1,5.159055299214529,1,relationship_social,personal_situated,2_clear_stated_preference,2_personal_difficulty_or_preference
reddit_68,Reddit,0,1,1,1,1,0,0,0,0,0,1,0,0,0,4.442651256490317,1,legal_bureaucratic,personal_situated,2_clear_stated_preference,2_personal_difficulty_or_preference
reddit_69,Reddit,0,1,1,1,1,0,0,1,1,0,1,0,0,1,5.955837369464831,1,finance_business,personal_situated,2_clear_stated_preference,3_vulnerable_or_intimate_disclosure
reddit_70,Reddit,0,1,1,1,0,0,1,0,0,0,0,0,0,0,4.060443010546419,1,health_wellbeing,personal_situated,2_clear_stated_preference,2_personal_difficulty_or_preference
reddit_71,Reddit,0,0,1,1,1,0,1,0,0,0,0,0,0,1,4.919980925828125,1,relationship_social,personal_situated,2_clear_stated_preference,3_vulnerable_or_intimate_disclosure
reddit_72,Reddit,0,1,1,1,1,0,1,0,0,0,0,0,0,0,3.6109179126442243,1,career_work,personal_situated,2_clear_stated_preference,2_personal_difficulty_or_preference
reddit_73,Reddit,0,1,1,1,1,0,0,1,0,0,0,0,0,0,5.857933154483459,1,legal_bureaucratic,personal_situated,0_no_stated_preference,1_factual_context
reddit_74,Reddit,0,1,1,1,1,0,1,1,0,0,0,0,1,1,5.783825182329737,1,relationship_social,personal_situated,2_clear_stated_preference,2_personal_difficulty_or_preference
reddit_75,Reddit,0,1,1,1,1,1,1,0,1,0,0,0,0,1,5.823045895483019,1,family,personal_situated,2_clear_stated_preference,2_personal_difficulty_or_preference
reddit_76,Reddit,0,1,1,1,1,0,0,1,0,0,1,0,0,1,5.8664680569332965,1,legal_bureaucratic,personal_situated,2_clear_stated_preference,3_vulnerable_or_intimate_disclosure
reddit_77,Reddit,0,1,1,0,1,1,0,0,0,0,0,0,0,0,4.844187086458591,1,relationship_social,personal_situated,2_clear_stated_preference,2_personal_difficulty_or_preference
reddit_78,Reddit,0,1,1,1,1,0,0,0,0,0,0,0,1,1,6.331501849893691,1,relationship_social,personal_situated,2_clear_stated_preference,2_personal_difficulty_or_preference
reddit_79,Reddit,0,1,1,1,1,1,1,0,0,0,0,0,0,1,4.927253685157205,1,relationship_social,personal_situated,2_clear_stated_preference,3_vulnerable_or_intimate_disclosure
reddit_80,Reddit,0,1,1,1,1,0,0,0,1,0,1,0,0,1,5.529429087511423,1,education_application,personal_situated,2_clear_stated_preference,3_vulnerable_or_intimate_disclosure
reddit_81,Reddit,0,1,1,1,1,0,0,0,0,0,1,0,0,0,5.19295685089021,1,relationship_social,personal_situated,1_weak_or_implicit_preference,2_personal_difficulty_or_preference
reddit_82,Reddit,0,0,1,1,1,0,0,1,0,0,0,0,0,0,4.553876891600541,1,finance_business,personal_situated,1_weak_or_implicit_preference,2_personal_difficulty_or_preference
reddit_83,Reddit,0,1,1,1,1,0,1,0,1,0,1,0,0,1,6.535241271013659,1,family,personal_situated,1_weak_or_implicit_preference,3_vulnerable_or_intimate_disclosure
reddit_84,Reddit,0,1,1,1,1,1,1,0,0,0,1,0,1,0,4.77912349311153,1,education_application,personal_situated,2_clear_stated_preference,2_personal_difficulty_or_preference
reddit_85,Reddit,0,0,1,1,1,0,0,0,1,0,0,0,0,0,4.624972813284271,1,daily_life_practical,personal_situated,1_weak_or_implicit_preference,2_personal_difficulty_or_preference
reddit_86,Reddit,0,1,1,1,1,0,1,0,0,0,1,0,0,1,6.218600119691729,1,health_wellbeing,personal_situated,2_clear_stated_preference,3_vulnerable_or_intimate_disclosure
reddit_87,Reddit,0,1,1,1,1,0,1,0,0,0,0,0,1,1,5.84354441703136,1,relationship_social,personal_situated,1_weak_or_implicit_preference,3_vulnerable_or_intimate_disclosure
reddit_88,Reddit,0,1,1,1,1,0,1,1,1,0,0,0,1,1,6.4425401664681985,1,legal_bureaucratic,personal_situated,1_weak_or_implicit_preference,3_vulnerable_or_intimate_disclosure
reddit_89,Reddit,0,1,1,0,1,0,0,1,0,0,0,0,0,1,4.04305126783455,1,legal_bureaucratic,personal_situated,0_no_stated_preference,2_personal_difficulty_or_preference
reddit_90,Reddit,0,1,1,1,1,0,1,1,0,0,0,0,0,0,5.472270673671475,1,education_application,personal_situated,1_weak_or_implicit_preference,2_personal_difficulty_or_preference
reddit_91,Reddit,0,1,1,1,1,0,1,0,1,0,1,0,1,1,5.003946305945459,1,education_application,personal_situated,0_no_stated_preference,3_vulnerable_or_intimate_disclosure
reddit_92,Reddit,0,0,1,0,0,1,0,0,0,0,0,1,0,0,3.6888794541139363,0,creative,factual_informational,2_clear_stated_preference,2_personal_difficulty_or_preference
reddit_93,Reddit,0,1,1,1,1,0,1,0,1,0,0,0,0,1,5.0689042022202315,1,education_application,personal_situated,2_clear_stated_preference,3_vulnerable_or_intimate_disclosure
reddit_94,Reddit,0,1,1,0,1,0,1,1,0,0,0,0,1,0,5.187385805840755,1,career_work,personal_situated,1_weak_or_implicit_preference,2_personal_difficulty_or_preference
reddit_95,Reddit,0,1,1,0,1,0,0,0,0,0,0,0,0,0,4.663439094112067,1,education_application,personal_situated,0_no_stated_preference,2_personal_difficulty_or_preference
reddit_96,Reddit,0,1,1,1,1,0,0,0,0,0,1,0,0,1,5.726847747587197,1,relationship_social,personal_situated,2_clear_stated_preference,2_personal_difficulty_or_preference
reddit_97,Reddit,0,1,1,1,1,0,1,0,0,0,0,0,0,0,5.181783550292085,1,family,personal_situated,2_clear_stated_preference,2_personal_difficulty_or_preference
reddit_98,Reddit,0,0,1,0,1,0,0,0,0,0,0,0,0,0,5.10594547390058,1,daily_life_practical,personal_situated,0_no_stated_preference,2_personal_difficulty_or_preference
reddit_99,Reddit,0,1,1,0,0,0,1,0,0,0,0,0,0,0,4.859812404361672,1,daily_life_practical,personal_situated,2_clear_stated_preference,2_personal_difficulty_or_preference
reddit_100,Reddit,0,1,1,0,0,0,1,1,0,0,0,0,0,0,4.3694478524670215,1,finance_business,mixed,2_clear_stated_preference,1_factual_context
reddit_101,Reddit,0,0,1,0,1,0,0,0,0,0,1,0,0,0,4.553876891600541,1,health_wellbeing,personal_situated,2_clear_stated_preference,2_personal_difficulty_or_preference
reddit_102,Reddit,0,1,1,0,1,0,0,0,0,0,1,0,0,0,5.231108616854587,1,legal_bureaucratic,personal_situated,0_no_stated_preference,1_factual_context
reddit_103,Reddit,0,0,1,0,1,0,0,0,0,0,1,0,0,0,4.382026634673881,1,daily_life_practical,mixed,2_clear_stated_preference,1_factual_context
reddit_104,Reddit,0,1,1,1,1,0,1,0,0,0,0,0,0,1,4.844187086458591,1,relationship_social,personal_situated,1_weak_or_implicit_preference,3_vulnerable_or_intimate_disclosure
reddit_105,Reddit,0,1,1,1,1,0,0,0,0,0,0,0,1,1,6.052089168924417,1,relationship_social,personal_situated,2_clear_stated_preference,3_vulnerable_or_intimate_disclosure
reddit_106,Reddit,0,1,1,1,1,0,0,0,0,0,0,0,0,1,4.430816798843313,1,relationship_social,personal_situated,1_weak_or_implicit_preference,3_vulnerable_or_intimate_disclosure
reddit_107,Reddit,0,1,1,1,0,0,1,1,0,0,0,0,0,0,4.02535169073515,1,career_work,personal_situated,1_weak_or_implicit_preference,2_personal_difficulty_or_preference
reddit_108,Reddit,0,1,1,1,1,0,1,1,1,0,0,0,0,1,5.521460917862246,1,health_wellbeing,personal_situated,2_clear_stated_preference,3_vulnerable_or_intimate_disclosure
reddit_109,Reddit,0,1,1,1,1,0,1,0,1,0,0,0,0,1,5.796057750765372,1,education_application,personal_situated,2_clear_stated_preference,2_personal_difficulty_or_preference
reddit_110,Reddit,0,1,1,1,1,0,1,1,0,0,0,0,0,1,5.971261839790462,1,relationship_social,personal_situated,1_weak_or_implicit_preference,3_vulnerable_or_intimate_disclosure
reddit_111,Reddit,0,1,1,1,1,1,1,1,0,0,1,0,1,1,6.208590026096629,1,relationship_social,personal_situated,2_clear_stated_preference,2_personal_difficulty_or_preference
reddit_112,Reddit,0,1,1,1,1,0,0,0,0,0,0,0,0,0,5.8664680569332965,1,family,personal_situated,2_clear_stated_preference,2_personal_difficulty_or_preference
reddit_113,Reddit,0,1,1,1,1,0,1,0,0,0,0,0,0,0,5.958424693029782,1,relationship_social,personal_situated,1_weak_or_implicit_preference,2_personal_difficulty_or_preference
reddit_114,Reddit,0,1,1,1,1,0,1,0,0,0,0,0,0,0,5.0106352940962555,1,relationship_social,personal_situated,0_no_stated_preference,2_personal_difficulty_or_preference
reddit_115,Reddit,0,1,1,1,1,0,1,1,1,0,1,0,0,1,6.20455776256869,1,legal_bureaucratic,personal_situated,2_clear_stated_preference,3_vulnerable_or_intimate_disclosure
reddit_116,Reddit,0,0,1,1,1,0,0,0,1,0,0,0,0,0,3.970291913552122,1,relationship_social,personal_situated,1_weak_or_implicit_preference,2_personal_difficulty_or_preference
reddit_117,Reddit,0,1,1,1,1,0,1,0,1,0,0,0,0,1,5.575949103146316,1,creative,personal_situated,2_clear_stated_preference,2_personal_difficulty_or_preference
reddit_118,Reddit,0,1,1,0,1,0,0,0,0,0,1,0,0,0,3.9318256327243257,1,health_wellbeing,personal_situated,2_clear_stated_preference,2_personal_difficulty_or_preference
reddit_119,Reddit,0,1,1,1,1,0,1,0,1,0,1,0,0,1,5.3471075307174685,1,health_wellbeing,personal_situated,2_clear_stated_preference,3_vulnerable_or_intimate_disclosure
reddit_120,Reddit,0,1,1,1,0,0,1,0,0,0,0,0,0,1,4.795790545596741,1,finance_business,personal_situated,0_no_stated_preference,2_personal_difficulty_or_preference
reddit_121,Reddit,0,1,1,0,1,0,1,1,0,0,1,0,0,0,5.517452896464707,1,career_work,personal_situated,1_weak_or_implicit_preference,1_factual_context
reddit_122,Reddit,0,1,1,1,1,0,1,0,0,0,0,0,0,0,4.330733340286331,1,daily_life_practical,personal_situated,2_clear_stated_preference,2_personal_difficulty_or_preference
reddit_123,Reddit,0,1,1,1,1,0,0,0,1,0,1,0,0,1,6.57507584059962,1,family,personal_situated,2_clear_stated_preference,3_vulnerable_or_intimate_disclosure
reddit_124,Reddit,0,1,1,1,1,0,1,0,1,0,0,0,0,1,5.442417710521793,1,relationship_social,personal_situated,1_weak_or_implicit_preference,3_vulnerable_or_intimate_disclosure
reddit_125,Reddit,0,1,1,1,0,0,1,1,0,0,0,0,1,1,4.634728988229636,1,health_wellbeing,personal_situated,1_weak_or_implicit_preference,3_vulnerable_or_intimate_disclosure
reddit_126,Reddit,0,1,1,0,1,0,1,1,0,0,0,0,0,0,4.9344739331306915,1,legal_bureaucratic,mixed,1_weak_or_implicit_preference,1_factual_context
reddit_127,Reddit,0,1,1,0,0,0,1,1,0,0,0,0,0,0,4.941642422609304,1,health_wellbeing,personal_situated,1_weak_or_implicit_preference,1_factual_context
reddit_128,Reddit,0,1,1,1,0,0,1,0,1,0,0,0,0,1,5.1298987149230735,1,education_application,personal_situated,1_weak_or_implicit_preference,3_vulnerable_or_intimate_disclosure
reddit_129,Reddit,0,1,1,1,1,0,1,0,1,0,1,0,0,1,6.295266001439646,1,education_application,personal_situated,2_clear_stated_preference,3_vulnerable_or_intimate_disclosure
reddit_130,Reddit,0,1,1,0,1,0,1,1,0,0,0,0,0,0,5.288267030694535,1,daily_life_practical,personal_situated,1_weak_or_implicit_preference,2_personal_difficulty_or_preference
reddit_131,Reddit,0,1,1,0,1,0,0,1,0,0,1,0,0,0,4.927253685157205,1,daily_life_practical,personal_situated,2_clear_stated_preference,2_personal_difficulty_or_preference
reddit_132,Reddit,0,1,1,1,1,0,0,1,0,0,1,0,0,0,5.991464547107982,1,legal_bureaucratic,personal_situated,2_clear_stated_preference,2_personal_difficulty_or_preference
reddit_133,Reddit,0,0,1,0,1,1,0,1,0,0,0,0,0,0,5.049856007249537,1,relationship_social,personal_situated,2_clear_stated_preference,2_personal_difficulty_or_preference
reddit_134,Reddit,0,1,1,0,0,0,0,1,0,0,0,0,0,0,4.02535169073515,0,finance_business,factual_informational,2_clear_stated_preference,1_factual_context
reddit_135,Reddit,0,1,1,0,1,0,1,1,0,0,0,0,1,0,4.9344739331306915,1,family,personal_situated,1_weak_or_implicit_preference,2_personal_difficulty_or_preference
reddit_136,Reddit,0,1,1,0,1,1,1,0,0,0,1,0,0,0,5.934894195619588,1,relationship_social,personal_situated,1_weak_or_implicit_preference,2_personal_difficulty_or_preference
reddit_137,Reddit,0,1,1,1,1,0,1,0,0,0,1,0,0,1,5.8971538676367405,1,legal_bureaucratic,personal_situated,1_weak_or_implicit_preference,3_vulnerable_or_intimate_disclosure
reddit_138,Reddit,0,1,1,1,1,0,1,1,0,0,1,0,0,1,5.707110264748875,1,health_wellbeing,personal_situated,1_weak_or_implicit_preference,3_vulnerable_or_intimate_disclosure
reddit_139,Reddit,0,1,1,1,1,0,0,0,0,0,0,0,1,1,4.770684624465665,1,relationship_social,personal_situated,2_clear_stated_preference,2_personal_difficulty_or_preference
reddit_140,Reddit,0,1,1,1,1,0,1,0,0,0,0,0,0,1,5.375278407684165,1,relationship_social,personal_situated,1_weak_or_implicit_preference,3_vulnerable_or_intimate_disclosure
reddit_141,Reddit,0,1,1,1,1,1,0,0,0,0,1,1,0,1,5.4638318050256105,1,relationship_social,personal_situated,2_clear_stated_preference,3_vulnerable_or_intimate_disclosure
reddit_142,Reddit,0,1,1,1,1,0,1,0,0,0,1,0,0,1,4.77912349311153,1,health_wellbeing,personal_situated,2_clear_stated_preference,2_personal_difficulty_or_preference
reddit_143,Reddit,0,1,1,1,1,0,1,1,0,0,0,0,1,1,6.054439346269371,1,family,personal_situated,1_weak_or_implicit_preference,3_vulnerable_or_intimate_disclosure
reddit_144,Reddit,0,1,1,1,1,0,1,0,0,0,0,0,0,0,5.117993812416755,1,family,personal_situated,1_weak_or_implicit_preference,2_personal_difficulty_or_preference
reddit_145,Reddit,0,1,1,1,1,0,0,0,0,0,1,0,0,1,5.375278407684165,1,family,personal_situated,2_clear_stated_preference,2_personal_difficulty_or_preference
reddit_146,Reddit,0,1,1,1,1,0,1,1,0,0,0,0,0,1,5.4638318050256105,1,relationship_social,personal_situated,1_weak_or_implicit_preference,3_vulnerable_or_intimate_disclosure
reddit_147,Reddit,0,1,1,1,1,0,1,0,0,0,0,0,0,0,4.02535169073515,1,family,personal_situated,0_no_stated_preference,2_personal_difficulty_or_preference
reddit_148,Reddit,0,1,1,1,1,0,1,0,1,0,0,0,0,1,6.095824562432225,1,relationship_social,personal_situated,2_clear_stated_preference,3_vulnerable_or_intimate_disclosure
reddit_149,Reddit,0,1,1,1,1,0,1,0,0,0,1,0,0,0,4.61512051684126,1,career_work,personal_situated,1_weak_or_implicit_preference,2_personal_difficulty_or_preference
reddit_150,Reddit,0,1,1,0,1,0,1,0,0,0,0,0,0,0,4.762173934797756,1,relationship_social,personal_situated,1_weak_or_implicit_preference,2_personal_difficulty_or_preference
reddit_151,Reddit,0,1,1,0,1,0,0,0,0,0,1,0,0,0,4.718498871295094,1,legal_bureaucratic,personal_situated,2_clear_stated_preference,1_factual_context
reddit_152,Reddit,0,1,1,1,1,1,1,0,0,0,1,0,0,0,5.278114659230517,1,relationship_social,personal_situated,1_weak_or_implicit_preference,2_personal_difficulty_or_preference
reddit_153,Reddit,0,1,1,0,1,0,0,0,0,0,1,0,0,0,5.313205979041787,1,family,personal_situated,2_clear_stated_preference,2_personal_difficulty_or_preference
reddit_154,Reddit,0,0,1,1,1,1,1,0,0,0,0,1,0,0,5.25227342804663,1,relationship_social,personal_situated,1_weak_or_implicit_preference,2_personal_difficulty_or_preference
reddit_155,Reddit,0,1,1,1,1,0,1,1,0,0,0,0,0,0,4.454347296253507,1,relationship_social,personal_situated,1_weak_or_implicit_preference,2_personal_difficulty_or_preference
reddit_156,Reddit,0,1,1,1,1,0,1,0,1,0,0,0,1,1,5.537334267018537,1,relationship_social,personal_situated,1_weak_or_implicit_preference,3_vulnerable_or_intimate_disclosure
reddit_157,Reddit,0,1,1,0,1,0,0,1,0,0,0,0,0,0,4.23410650459726,0,legal_bureaucratic,factual_informational,1_weak_or_implicit_preference,1_factual_context
reddit_158,Reddit,0,1,1,1,1,0,1,0,1,0,0,0,0,1,5.170483995038151,1,career_work,personal_situated,2_clear_stated_preference,3_vulnerable_or_intimate_disclosure
reddit_159,Reddit,0,1,1,1,1,0,1,0,0,0,0,0,0,0,5.288267030694535,1,health_wellbeing,personal_situated,2_clear_stated_preference,2_personal_difficulty_or_preference
reddit_160,Reddit,0,1,1,1,1,0,0,1,0,0,0,0,0,1,6.07993319509559,1,relationship_social,personal_situated,2_clear_stated_preference,3_vulnerable_or_intimate_disclosure
reddit_161,Reddit,0,1,1,1,1,0,1,1,0,0,1,0,0,1,3.713572066704308,1,relationship_social,personal_situated,2_clear_stated_preference,2_personal_difficulty_or_preference
reddit_162,Reddit,0,1,1,1,1,0,1,1,1,0,1,0,1,1,6.405228458030842,1,family,personal_situated,1_weak_or_implicit_preference,3_vulnerable_or_intimate_disclosure
reddit_163,Reddit,0,1,1,1,1,0,0,0,1,0,1,0,0,0,5.236441962829949,1,relationship_social,personal_situated,2_clear_stated_preference,2_personal_difficulty_or_preference
reddit_164,Reddit,0,1,1,1,1,0,1,1,0,0,0,0,0,0,5.147494476813453,1,education_application,personal_situated,1_weak_or_implicit_preference,2_personal_difficulty_or_preference
reddit_165,Reddit,0,1,1,1,1,0,0,0,1,0,0,0,0,1,4.7535901911063645,1,relationship_social,personal_situated,1_weak_or_implicit_preference,3_vulnerable_or_intimate_disclosure
reddit_166,Reddit,0,1,1,1,1,0,1,1,0,0,0,0,0,1,5.726847747587197,1,relationship_social,personal_situated,0_no_stated_preference,3_vulnerable_or_intimate_disclosure
reddit_167,Reddit,0,1,1,1,1,0,1,0,1,0,1,0,0,1,5.908082938168931,1,relationship_social,personal_situated,2_clear_stated_preference,3_vulnerable_or_intimate_disclosure
reddit_168,Reddit,0,1,1,0,1,0,0,1,0,0,1,0,0,0,4.983606621708336,1,career_work,personal_situated,0_no_stated_preference,2_personal_difficulty_or_preference
reddit_169,Reddit,0,1,1,0,1,0,0,0,0,0,0,0,0,0,4.23410650459726,1,creative,personal_situated,1_weak_or_implicit_preference,1_factual_context
reddit_170,Reddit,0,1,1,0,1,0,1,1,0,0,0,0,0,0,4.812184355372417,1,career_work,personal_situated,2_clear_stated_preference,1_factual_context
reddit_171,Reddit,0,1,1,1,1,0,1,1,0,0,0,0,0,0,5.8377304471659395,1,education_application,personal_situated,1_weak_or_implicit_preference,2_personal_difficulty_or_preference
reddit_172,Reddit,0,1,1,1,1,1,1,1,0,0,0,0,1,1,6.363028103540465,1,relationship_social,personal_situated,2_clear_stated_preference,3_vulnerable_or_intimate_disclosure
reddit_173,Reddit,0,1,1,1,1,0,1,0,1,0,1,0,0,1,5.955837369464831,1,health_wellbeing,personal_situated,1_weak_or_implicit_preference,3_vulnerable_or_intimate_disclosure
reddit_174,Reddit,0,1,1,1,1,1,1,0,0,0,0,0,1,0,3.871201010907891,1,relationship_social,personal_situated,1_weak_or_implicit_preference,2_personal_difficulty_or_preference
reddit_175,Reddit,0,1,1,1,1,1,0,0,1,0,1,1,0,1,5.153291594497779,1,career_work,personal_situated,1_weak_or_implicit_preference,3_vulnerable_or_intimate_disclosure
reddit_176,Reddit,0,1,1,1,1,0,1,1,1,0,0,0,1,1,5.44673737166631,1,family,personal_situated,2_clear_stated_preference,3_vulnerable_or_intimate_disclosure
reddit_177,Reddit,0,1,1,1,1,0,1,0,1,0,0,0,0,1,6.0112671744041615,1,family,personal_situated,1_weak_or_implicit_preference,3_vulnerable_or_intimate_disclosure
reddit_178,Reddit,0,1,1,1,1,1,1,0,0,0,0,0,0,1,5.529429087511423,1,relationship_social,personal_situated,2_clear_stated_preference,3_vulnerable_or_intimate_disclosure
reddit_179,Reddit,0,1,1,1,1,1,1,1,0,0,0,0,0,1,6.590301048196686,1,family,personal_situated,1_weak_or_implicit_preference,3_vulnerable_or_intimate_disclosure
reddit_180,Reddit,0,1,1,1,1,0,1,1,0,0,0,0,0,0,4.663439094112067,1,relationship_social,personal_situated,1_weak_or_implicit_preference,2_personal_difficulty_or_preference
reddit_181,Reddit,0,1,1,0,1,0,0,1,0,0,0,0,0,0,4.709530201312334,1,family,personal_situated,2_clear_stated_preference,1_factual_context
reddit_182,Reddit,0,1,1,1,1,0,0,0,1,0,0,0,0,1,5.942799375126701,1,relationship_social,personal_situated,1_weak_or_implicit_preference,3_vulnerable_or_intimate_disclosure
reddit_183,Reddit,0,1,1,1,1,0,0,0,1,0,0,0,0,0,4.6913478822291435,1,relationship_social,personal_situated,1_weak_or_implicit_preference,2_personal_difficulty_or_preference
reddit_184,Reddit,0,1,1,1,1,0,1,0,0,0,0,0,0,1,5.983936280687191,1,health_wellbeing,personal_situated,1_weak_or_implicit_preference,3_vulnerable_or_intimate_disclosure
reddit_185,Reddit,0,1,1,1,1,0,1,0,1,0,0,0,1,1,5.572154032177765,1,career_work,personal_situated,1_weak_or_implicit_preference,3_vulnerable_or_intimate_disclosure
reddit_186,Reddit,0,1,1,1,1,0,1,0,1,0,0,0,0,1,5.231108616854587,1,career_work,personal_situated,0_no_stated_preference,2_personal_difficulty_or_preference
reddit_187,Reddit,0,1,1,1,1,0,1,0,1,0,0,0,0,1,5.805134968916488,1,relationship_social,personal_situated,1_weak_or_implicit_preference,3_vulnerable_or_intimate_disclosure
reddit_188,Reddit,0,1,1,0,0,0,1,1,0,0,0,0,0,0,4.3694478524670215,1,education_application,personal_situated,0_no_stated_preference,1_factual_context
reddit_189,Reddit,0,1,1,1,1,0,0,0,0,0,0,0,0,0,3.258096538021482,1,relationship_social,personal_situated,1_weak_or_implicit_preference,2_personal_difficulty_or_preference
reddit_190,Reddit,0,0,1,1,1,0,0,0,0,0,1,0,0,0,4.110873864173311,0,creative,mixed,2_clear_stated_preference,2_personal_difficulty_or_preference
reddit_191,Reddit,0,1,1,1,1,0,1,0,1,0,0,0,1,1,5.4510384535657,1,relationship_social,personal_situated,2_clear_stated_preference,3_vulnerable_or_intimate_disclosure
reddit_192,Reddit,0,1,1,1,1,0,0,0,1,0,1,0,0,1,4.844187086458591,1,daily_life_practical,personal_situated,2_clear_stated_preference,3_vulnerable_or_intimate_disclosure
reddit_193,Reddit,0,1,1,1,1,0,1,0,0,0,0,0,0,1,6.049733455231958,1,family,personal_situated,2_clear_stated_preference,2_personal_difficulty_or_preference
reddit_194,Reddit,0,1,1,1,1,0,1,0,0,0,1,0,0,1,5.332718793265369,1,relationship_social,personal_situated,2_clear_stated_preference,3_vulnerable_or_intimate_disclosure
reddit_195,Reddit,0,1,1,0,1,1,1,0,0,0,1,0,0,0,4.0943445622221,1,relationship_social,personal_situated,1_weak_or_implicit_preference,1_factual_context
reddit_196,Reddit,0,1,1,1,1,0,1,0,0,0,1,0,0,1,5.883322388488279,1,legal_bureaucratic,personal_situated,2_clear_stated_preference,3_vulnerable_or_intimate_disclosure
reddit_197,Reddit,0,1,1,0,1,0,1,1,0,0,0,0,0,0,5.71042701737487,1,family,personal_situated,2_clear_stated_preference,2_personal_difficulty_or_preference
reddit_198,Reddit,0,1,1,0,0,0,1,1,0,0,0,0,0,0,5.393627546352362,1,education_application,personal_situated,1_weak_or_implicit_preference,2_personal_difficulty_or_preference
reddit_199,Reddit,0,1,1,1,1,0,0,0,0,0,0,0,0,1,4.955827057601261,1,finance_business,personal_situated,2_clear_stated_preference,2_personal_difficulty_or_preference
reddit_200,Reddit,0,1,1,1,1,0,1,0,0,0,0,0,0,1,5.703782474656201,1,relationship_social,personal_situated,2_clear_stated_preference,3_vulnerable_or_intimate_disclosure
reddit_201,Reddit,0,1,1,1,1,0,1,0,0,0,0,0,1,1,6.464588303689961,1,legal_bureaucratic,personal_situated,1_weak_or_implicit_preference,3_vulnerable_or_intimate_disclosure
reddit_202,Reddit,0,1,1,1,1,0,0,0,1,0,0,0,0,1,4.3694478524670215,1,relationship_social,personal_situated,2_clear_stated_preference,3_vulnerable_or_intimate_disclosure
reddit_203,Reddit,0,0,1,0,1,0,0,1,0,0,0,0,0,0,6.342121418721152,1,legal_bureaucratic,mixed,1_weak_or_implicit_preference,2_personal_difficulty_or_preference
reddit_204,Reddit,0,1,1,1,1,0,0,0,0,0,1,0,0,1,6.082218910376446,1,health_wellbeing,personal_situated,2_clear_stated_preference,3_vulnerable_or_intimate_disclosure
reddit_205,Reddit,0,1,1,1,1,1,1,0,0,0,1,0,0,1,4.007333185232471,1,relationship_social,personal_situated,2_clear_stated_preference,3_vulnerable_or_intimate_disclosure
reddit_206,Reddit,0,1,1,1,1,1,1,0,0,0,1,0,0,1,6.419994928147142,1,relationship_social,personal_situated,2_clear_stated_preference,3_vulnerable_or_intimate_disclosure
reddit_207,Reddit,0,1,1,1,1,0,0,0,0,0,1,0,0,0,5.272999558563747,1,relationship_social,personal_situated,2_clear_stated_preference,2_personal_difficulty_or_preference
reddit_208,Reddit,0,1,1,0,1,0,0,0,0,0,1,0,0,0,4.007333185232471,1,relationship_social,personal_situated,2_clear_stated_preference,1_factual_context
reddit_209,Reddit,0,0,1,1,1,0,1,0,0,0,0,0,0,1,3.7376696182833684,1,education_application,personal_situated,0_no_stated_preference,2_personal_difficulty_or_preference
reddit_210,Reddit,0,1,1,0,1,0,0,0,0,0,1,0,0,0,4.418840607796598,1,relationship_social,personal_situated,2_clear_stated_preference,1_factual_context
reddit_211,Reddit,0,1,1,0,1,1,1,1,0,0,1,0,0,0,5.872117789475416,1,family,personal_situated,1_weak_or_implicit_preference,2_personal_difficulty_or_preference
reddit_212,Reddit,0,1,1,1,1,0,1,1,0,0,0,0,0,1,5.831882477283517,1,relationship_social,personal_situated,2_clear_stated_preference,3_vulnerable_or_intimate_disclosure
reddit_213,Reddit,0,1,1,1,1,0,1,1,0,0,0,0,0,0,5.375278407684165,1,health_wellbeing,personal_situated,0_no_stated_preference,2_personal_difficulty_or_preference
reddit_214,Reddit,0,1,1,1,1,0,1,0,0,0,1,0,0,1,6.09807428216624,1,career_work,personal_situated,1_weak_or_implicit_preference,3_vulnerable_or_intimate_disclosure
reddit_215,Reddit,0,1,1,1,1,0,0,0,1,0,0,0,0,1,5.84354441703136,1,relationship_social,personal_situated,2_clear_stated_preference,3_vulnerable_or_intimate_disclosure
reddit_216,Reddit,0,1,1,1,1,0,1,0,0,0,0,0,0,1,4.969813299576001,1,health_wellbeing,personal_situated,2_clear_stated_preference,2_personal_difficulty_or_preference
reddit_217,Reddit,0,1,1,1,0,0,1,0,0,0,0,0,0,1,4.430816798843313,1,health_wellbeing,personal_situated,2_clear_stated_preference,3_vulnerable_or_intimate_disclosure
reddit_218,Reddit,0,1,1,0,0,0,0,1,0,0,0,0,0,0,3.9318256327243257,1,daily_life_practical,personal_situated,1_weak_or_implicit_preference,1_factual_context
reddit_219,Reddit,0,1,1,1,1,0,1,0,0,0,0,0,0,0,5.783825182329737,1,education_application,personal_situated,1_weak_or_implicit_preference,2_personal_difficulty_or_preference
reddit_220,Reddit,0,1,1,0,1,0,1,1,0,0,0,0,0,0,4.23410650459726,0,education_application,factual_informational,0_no_stated_preference,1_factual_context
reddit_221,Reddit,0,1,1,1,1,0,1,0,1,0,1,0,0,0,5.159055299214529,1,relationship_social,personal_situated,2_clear_stated_preference,2_personal_difficulty_or_preference
reddit_222,Reddit,0,1,1,1,1,0,1,0,1,0,0,0,1,1,6.16541785423142,1,relationship_social,personal_situated,1_weak_or_implicit_preference,3_vulnerable_or_intimate_disclosure
reddit_223,Reddit,0,0,1,0,1,0,0,0,0,0,0,0,0,0,4.430816798843313,1,daily_life_practical,personal_situated,2_clear_stated_preference,2_personal_difficulty_or_preference
reddit_224,Reddit,0,1,1,0,1,0,0,0,0,0,0,0,0,0,4.3694478524670215,1,relationship_social,personal_situated,1_weak_or_implicit_preference,2_personal_difficulty_or_preference
reddit_225,Reddit,0,1,1,1,1,1,1,0,0,0,1,1,0,1,5.579729825986222,1,relationship_social,personal_situated,1_weak_or_implicit_preference,2_personal_difficulty_or_preference
reddit_226,Reddit,0,1,1,1,1,0,1,0,0,0,1,0,0,0,4.04305126783455,1,relationship_social,personal_situated,0_no_stated_preference,2_personal_difficulty_or_preference
reddit_227,Reddit,0,1,1,1,1,1,1,0,0,0,0,0,0,0,5.442417710521793,1,legal_bureaucratic,personal_situated,2_clear_stated_preference,1_factual_context
reddit_228,Reddit,0,1,1,1,1,0,0,1,0,0,1,0,0,0,5.135798437050262,1,daily_life_practical,personal_situated,2_clear_stated_preference,2_personal_difficulty_or_preference
reddit_229,Reddit,0,1,1,1,1,0,0,0,1,0,0,0,0,1,4.882801922586371,1,relationship_social,personal_situated,2_clear_stated_preference,3_vulnerable_or_intimate_disclosure
reddit_230,Reddit,0,1,1,1,1,0,1,0,0,0,1,0,0,0,4.406719247264253,1,health_wellbeing,personal_situated,2_clear_stated_preference,2_personal_difficulty_or_preference
reddit_231,Reddit,0,0,1,1,1,0,1,1,0,0,1,0,0,1,6.0844994130751715,1,legal_bureaucratic,mixed,2_clear_stated_preference,3_vulnerable_or_intimate_disclosure
reddit_232,Reddit,0,1,1,1,1,0,0,0,0,0,0,0,0,0,4.2626798770413155,1,relationship_social,personal_situated,1_weak_or_implicit_preference,2_personal_difficulty_or_preference
reddit_233,Reddit,0,1,1,0,0,0,1,1,0,0,0,0,0,0,4.430816798843313,1,career_work,personal_situated,0_no_stated_preference,1_factual_context
reddit_234,Reddit,0,1,1,0,1,0,1,0,0,0,0,0,0,1,4.74493212836325,1,health_wellbeing,personal_situated,2_clear_stated_preference,2_personal_difficulty_or_preference
reddit_235,Reddit,0,1,1,1,1,1,1,0,1,0,1,0,0,1,6.0330862217988015,1,family,personal_situated,2_clear_stated_preference,3_vulnerable_or_intimate_disclosure
reddit_236,Reddit,0,1,1,1,1,0,1,1,0,0,0,0,1,0,5.10594547390058,1,relationship_social,personal_situated,1_weak_or_implicit_preference,2_personal_difficulty_or_preference
reddit_237,Reddit,0,1,1,1,1,0,1,1,0,0,0,0,0,0,4.941642422609304,1,finance_business,personal_situated,1_weak_or_implicit_preference,2_personal_difficulty_or_preference
reddit_238,Reddit,0,1,1,1,1,0,0,0,0,0,0,0,0,1,6.536691597591305,1,relationship_social,personal_situated,2_clear_stated_preference,3_vulnerable_or_intimate_disclosure
reddit_239,Reddit,0,1,0,1,1,1,0,0,1,0,0,0,0,0,3.091042453358316,1,relationship_social,personal_situated,0_no_stated_preference,2_personal_difficulty_or_preference
reddit_240,Reddit,0,1,1,1,1,0,1,1,1,0,1,0,0,1,5.883322388488279,1,legal_bureaucratic,personal_situated,2_clear_stated_preference,3_vulnerable_or_intimate_disclosure
reddit_241,Reddit,0,1,1,0,1,0,0,1,0,0,1,0,0,0,4.663439094112067,1,career_work,personal_situated,2_clear_stated_preference,2_personal_difficulty_or_preference
reddit_242,Reddit,0,1,1,1,1,0,0,0,0,0,1,0,0,0,3.7376696182833684,1,relationship_social,personal_situated,2_clear_stated_preference,2_personal_difficulty_or_preference
reddit_243,Reddit,0,1,1,0,0,0,0,0,0,0,0,0,0,0,4.418840607796598,0,daily_life_practical,factual_informational,2_clear_stated_preference,0_minimal_or_no_disclosure
reddit_244,Reddit,0,1,1,0,0,0,1,1,0,0,0,0,0,0,5.214935757608986,1,education_application,personal_situated,2_clear_stated_preference,1_factual_context
reddit_245,Reddit,0,1,1,1,1,0,1,1,0,0,0,0,1,1,6.539585955617669,1,relationship_social,personal_situated,1_weak_or_implicit_preference,2_personal_difficulty_or_preference
reddit_246,Reddit,0,1,1,0,1,0,0,0,0,0,0,0,0,0,5.153291594497779,1,career_work,personal_situated,2_clear_stated_preference,2_personal_difficulty_or_preference
reddit_247,Reddit,0,1,1,1,1,0,1,1,0,0,1,0,0,1,5.834810737062605,1,family,personal_situated,2_clear_stated_preference,3_vulnerable_or_intimate_disclosure
reddit_248,Reddit,0,1,1,0,1,0,1,1,0,0,0,0,0,0,4.74493212836325,1,family,personal_situated,1_weak_or_implicit_preference,2_personal_difficulty_or_preference
reddit_249,Reddit,0,0,1,1,1,0,1,0,1,0,0,0,0,1,4.454347296253507,1,health_wellbeing,personal_situated,2_clear_stated_preference,3_vulnerable_or_intimate_disclosure
reddit_250,Reddit,0,1,1,1,1,0,1,0,1,0,0,0,0,1,5.2832037287379885,1,relationship_social,personal_situated,2_clear_stated_preference,3_vulnerable_or_intimate_disclosure
reddit_251,Reddit,0,1,1,1,1,1,1,0,0,0,0,0,0,1,5.332718793265369,1,family,personal_situated,2_clear_stated_preference,3_vulnerable_or_intimate_disclosure
reddit_252,Reddit,0,1,1,1,1,0,1,0,0,0,0,0,0,0,4.605170185988092,1,relationship_social,personal_situated,2_clear_stated_preference,2_personal_difficulty_or_preference
reddit_253,Reddit,0,1,1,1,1,0,1,1,0,0,0,0,0,0,5.666426688112432,1,career_work,personal_situated,1_weak_or_implicit_preference,2_personal_difficulty_or_preference
reddit_254,Reddit,0,1,1,1,1,0,1,1,0,0,0,0,1,0,4.248495242049359,1,relationship_social,personal_situated,1_weak_or_implicit_preference,2_personal_difficulty_or_preference
reddit_255,Reddit,0,1,1,0,0,0,0,1,0,0,1,0,0,0,4.219507705176107,0,health_wellbeing,factual_informational,2_clear_stated_preference,1_factual_context
reddit_256,Reddit,0,1,1,1,1,0,1,1,0,0,0,0,0,1,5.869296913133774,1,health_wellbeing,personal_situated,2_clear_stated_preference,3_vulnerable_or_intimate_disclosure
reddit_257,Reddit,0,0,1,1,1,0,1,0,0,0,1,0,0,1,4.584967478670572,1,career_work,personal_situated,2_clear_stated_preference,2_personal_difficulty_or_preference
reddit_258,Reddit,0,1,1,1,1,1,1,0,0,0,0,0,0,1,5.4116460518550396,1,finance_business,personal_situated,1_weak_or_implicit_preference,3_vulnerable_or_intimate_disclosure
reddit_259,Reddit,0,1,1,1,1,1,1,0,0,0,1,0,1,1,6.481577129276431,1,family,personal_situated,2_clear_stated_preference,3_vulnerable_or_intimate_disclosure
reddit_260,Reddit,0,1,1,0,1,0,1,1,0,0,0,0,0,0,3.970291913552122,0,daily_life_practical,factual_informational,2_clear_stated_preference,1_factual_context
reddit_261,Reddit,0,1,1,1,1,0,0,0,0,0,0,0,0,1,4.430816798843313,1,relationship_social,personal_situated,2_clear_stated_preference,2_personal_difficulty_or_preference
reddit_262,Reddit,0,0,1,1,1,0,1,1,0,0,0,0,0,0,5.327876168789581,1,relationship_social,personal_situated,2_clear_stated_preference,2_personal_difficulty_or_preference
reddit_263,Reddit,0,1,1,0,0,0,0,1,0,0,0,0,0,0,4.727387818712341,1,health_wellbeing,mixed,2_clear_stated_preference,1_factual_context
reddit_264,Reddit,0,1,1,1,1,0,0,0,0,0,0,0,0,1,4.5217885770490405,1,family,personal_situated,1_weak_or_implicit_preference,3_vulnerable_or_intimate_disclosure
reddit_265,Reddit,0,1,1,0,1,0,0,0,0,0,1,0,0,0,4.919980925828125,1,family,personal_situated,2_clear_stated_preference,2_personal_difficulty_or_preference
reddit_266,Reddit,0,0,1,0,1,0,1,1,0,0,0,0,0,1,4.007333185232471,1,relationship_social,personal_situated,1_weak_or_implicit_preference,3_vulnerable_or_intimate_disclosure
reddit_267,Reddit,0,1,1,1,1,0,1,1,0,0,0,0,1,1,5.973809611869261,1,relationship_social,personal_situated,2_clear_stated_preference,2_personal_difficulty_or_preference
reddit_268,Reddit,0,1,1,1,1,0,1,0,0,0,0,0,0,1,5.631211781821365,1,relationship_social,personal_situated,2_clear_stated_preference,3_vulnerable_or_intimate_disclosure
reddit_269,Reddit,0,1,1,1,1,0,1,0,0,0,1,0,0,1,5.187385805840755,1,education_application,personal_situated,2_clear_stated_preference,2_personal_difficulty_or_preference
reddit_270,Reddit,0,1,1,1,1,0,0,1,0,0,1,0,0,1,5.8522024797744745,1,health_wellbeing,personal_situated,2_clear_stated_preference,3_vulnerable_or_intimate_disclosure
reddit_271,Reddit,0,1,1,0,0,0,0,0,0,0,1,0,0,0,5.187385805840755,1,health_wellbeing,personal_situated,2_clear_stated_preference,2_personal_difficulty_or_preference
reddit_272,Reddit,0,0,1,0,1,0,0,1,0,0,1,0,0,0,4.1588830833596715,1,relationship_social,mixed,2_clear_stated_preference,1_factual_context
reddit_273,Reddit,0,1,1,1,1,0,0,0,0,0,0,0,0,0,4.418840607796598,1,relationship_social,personal_situated,2_clear_stated_preference,2_personal_difficulty_or_preference
reddit_274,Reddit,0,1,1,1,1,0,1,1,0,0,0,0,0,0,5.087596335232384,1,education_application,personal_situated,1_weak_or_implicit_preference,1_factual_context
reddit_275,Reddit,0,1,1,1,1,0,0,0,0,0,1,0,0,0,5.455321115357702,1,family,personal_situated,2_clear_stated_preference,2_personal_difficulty_or_preference
reddit_276,Reddit,0,1,1,1,1,0,1,0,0,0,0,0,0,1,5.170483995038151,1,relationship_social,personal_situated,1_weak_or_implicit_preference,3_vulnerable_or_intimate_disclosure
reddit_277,Reddit,0,1,1,1,1,0,1,1,0,0,0,0,0,0,5.937536205082426,1,finance_business,personal_situated,2_clear_stated_preference,2_personal_difficulty_or_preference
reddit_278,Reddit,0,1,1,1,1,0,0,0,0,0,0,0,0,1,4.990432586778736,1,education_application,personal_situated,1_weak_or_implicit_preference,3_vulnerable_or_intimate_disclosure
reddit_279,Reddit,0,0,1,0,1,0,0,0,0,0,1,0,0,0,4.204692619390966,1,relationship_social,personal_situated,0_no_stated_preference,1_factual_context
reddit_280,Reddit,0,1,1,1,1,0,1,1,0,0,0,0,1,0,5.198497031265826,1,education_application,personal_situated,1_weak_or_implicit_preference,2_personal_difficulty_or_preference
reddit_281,Reddit,0,1,1,1,1,0,1,0,0,0,0,0,0,1,6.302618975744905,1,legal_bureaucratic,personal_situated,2_clear_stated_preference,2_personal_difficulty_or_preference
reddit_282,Reddit,0,1,1,1,1,1,1,0,0,0,1,0,0,0,5.4638318050256105,1,relationship_social,personal_situated,2_clear_stated_preference,2_personal_difficulty_or_preference
reddit_283,Reddit,0,0,1,0,1,0,1,1,0,0,0,0,0,0,4.983606621708336,1,education_application,personal_situated,2_clear_stated_preference,2_personal_difficulty_or_preference
reddit_284,Reddit,0,1,1,1,1,0,1,1,1,0,0,0,1,1,5.69035945432406,1,relationship_social,personal_situated,1_weak_or_implicit_preference,3_vulnerable_or_intimate_disclosure
reddit_285,Reddit,0,1,1,1,1,0,0,1,0,0,1,0,0,1,6.192362489474872,1,career_work,personal_situated,1_weak_or_implicit_preference,3_vulnerable_or_intimate_disclosure
reddit_286,Reddit,0,1,1,1,1,0,1,0,0,0,0,0,0,1,6.419994928147142,1,legal_bureaucratic,personal_situated,2_clear_stated_preference,3_vulnerable_or_intimate_disclosure
reddit_287,Reddit,0,0,1,0,1,0,0,1,0,0,0,0,0,0,4.23410650459726,1,legal_bureaucratic,personal_situated,0_no_stated_preference,1_factual_context
reddit_288,Reddit,0,1,1,1,1,1,1,0,0,0,0,0,0,1,4.762173934797756,1,education_application,personal_situated,0_no_stated_preference,3_vulnerable_or_intimate_disclosure
reddit_289,Reddit,0,0,1,0,1,1,1,1,0,0,1,0,0,0,5.272999558563747,1,finance_business,mixed,2_clear_stated_preference,2_personal_difficulty_or_preference
reddit_290,Reddit,0,1,1,1,1,0,1,1,0,0,0,0,0,0,5.634789603169249,1,education_application,personal_situated,1_weak_or_implicit_preference,2_personal_difficulty_or_preference
reddit_291,Reddit,0,1,1,0,1,1,1,1,0,0,1,0,0,0,6.095824562432225,1,daily_life_practical,personal_situated,1_weak_or_implicit_preference,2_personal_difficulty_or_preference
reddit_292,Reddit,0,1,1,1,1,0,0,1,0,0,0,0,1,0,6.284134161070802,1,relationship_social,personal_situated,2_clear_stated_preference,2_personal_difficulty_or_preference
reddit_293,Reddit,0,1,1,0,1,0,1,1,0,0,0,0,0,0,4.31748811353631,1,daily_life_practical,personal_situated,2_clear_stated_preference,1_factual_context
reddit_294,Reddit,0,1,1,1,0,0,1,0,0,0,1,0,0,0,5.488937726156687,1,career_work,personal_situated,1_weak_or_implicit_preference,2_personal_difficulty_or_preference
reddit_295,Reddit,0,1,1,1,1,0,1,1,0,0,0,0,0,1,6.0473721790462776,1,finance_business,personal_situated,2_clear_stated_preference,3_vulnerable_or_intimate_disclosure
reddit_296,Reddit,0,1,1,0,1,0,1,1,0,0,0,0,0,0,4.59511985013459,1,relationship_social,personal_situated,1_weak_or_implicit_preference,2_personal_difficulty_or_preference
reddit_297,Reddit,0,1,1,1,1,0,1,0,1,0,1,0,0,1,5.71042701737487,1,legal_bureaucratic,personal_situated,2_clear_stated_preference,3_vulnerable_or_intimate_disclosure
reddit_298,Reddit,0,1,1,1,1,0,0,0,1,0,0,0,0,1,4.770684624465665,1,finance_business,personal_situated,1_weak_or_implicit_preference,3_vulnerable_or_intimate_disclosure
reddit_299,Reddit,0,0,1,1,1,0,1,0,0,0,0,0,0,0,5.739792912179234,1,daily_life_practical,personal_situated,1_weak_or_implicit_preference,1_factual_context
reddit_300,Reddit,0,1,1,1,1,0,1,1,0,0,0,0,1,0,5.991464547107982,1,career_work,personal_situated,1_weak_or_implicit_preference,2_personal_difficulty_or_preference
reddit_301,Reddit,0,1,1,1,1,0,1,0,0,0,1,0,0,1,6.018593214496234,1,health_wellbeing,personal_situated,2_clear_stated_preference,3_vulnerable_or_intimate_disclosure
reddit_302,Reddit,0,1,1,1,1,0,1,0,0,0,0,0,0,0,5.0238805208462765,1,education_application,personal_situated,1_weak_or_implicit_preference,2_personal_difficulty_or_preference
reddit_303,Reddit,0,0,1,1,0,0,1,0,0,0,0,0,0,0,4.382026634673881,1,creative,personal_situated,2_clear_stated_preference,2_personal_difficulty_or_preference
reddit_304,Reddit,0,1,1,1,1,0,1,0,0,0,1,0,0,1,5.7899601708972535,1,health_wellbeing,personal_situated,2_clear_stated_preference,3_vulnerable_or_intimate_disclosure
reddit_305,Reddit,0,1,1,1,1,0,0,0,0,0,1,0,0,0,4.663439094112067,1,relationship_social,personal_situated,1_weak_or_implicit_preference,2_personal_difficulty_or_preference
reddit_306,Reddit,0,1,1,1,1,1,1,1,0,0,0,0,0,1,5.198497031265826,1,career_work,personal_situated,1_weak_or_implicit_preference,3_vulnerable_or_intimate_disclosure
reddit_307,Reddit,0,1,1,0,0,0,0,1,0,0,1,0,0,0,5.3230099791384085,1,career_work,mixed,2_clear_stated_preference,2_personal_difficulty_or_preference
reddit_308,Reddit,0,1,1,0,1,0,0,0,0,0,0,0,0,0,4.23410650459726,0,daily_life_practical,factual_informational,0_no_stated_preference,1_factual_context
reddit_309,Reddit,0,1,1,1,1,1,1,0,0,0,1,0,0,1,6.0112671744041615,1,family,personal_situated,2_clear_stated_preference,2_personal_difficulty_or_preference
reddit_310,Reddit,0,1,1,0,1,0,1,0,0,0,0,0,0,0,5.54907608489522,1,legal_bureaucratic,personal_situated,0_no_stated_preference,2_personal_difficulty_or_preference
reddit_311,Reddit,0,1,1,1,1,0,1,1,0,0,0,0,1,1,5.375278407684165,1,relationship_social,personal_situated,2_clear_stated_preference,2_personal_difficulty_or_preference
reddit_312,Reddit,0,1,1,1,1,0,0,0,0,0,0,0,1,1,5.2832037287379885,1,family,personal_situated,2_clear_stated_preference,3_vulnerable_or_intimate_disclosure
reddit_313,Reddit,0,0,1,1,0,0,0,0,0,0,0,0,0,1,3.9889840465642745,1,health_wellbeing,personal_situated,1_weak_or_implicit_preference,2_personal_difficulty_or_preference
reddit_314,Reddit,0,0,1,1,1,0,0,1,0,0,0,0,0,0,5.529429087511423,1,education_application,personal_situated,2_clear_stated_preference,2_personal_difficulty_or_preference
reddit_315,Reddit,0,1,1,1,1,0,1,1,0,0,0,0,1,0,5.3981627015177525,1,relationship_social,personal_situated,2_clear_stated_preference,2_personal_difficulty_or_preference
reddit_316,Reddit,0,1,1,0,1,0,0,0,0,0,0,0,0,0,3.970291913552122,0,creative,factual_informational,0_no_stated_preference,1_factual_context
reddit_317,Reddit,0,0,1,0,1,0,0,1,0,0,1,0,0,0,5.272999558563747,1,legal_bureaucratic,mixed,2_clear_stated_preference,1_factual_context
reddit_318,Reddit,0,1,1,1,1,1,0,0,0,0,1,0,0,0,4.882801922586371,1,relationship_social,personal_situated,2_clear_stated_preference,2_personal_difficulty_or_preference
reddit_319,Reddit,0,0,1,1,1,1,1,1,1,0,0,0,0,1,6.095824562432225,1,health_wellbeing,personal_situated,2_clear_stated_preference,3_vulnerable_or_intimate_disclosure
reddit_320,Reddit,0,1,1,0,1,0,1,1,0,0,0,0,0,0,4.276666119016055,1,relationship_social,personal_situated,1_weak_or_implicit_preference,2_personal_difficulty_or_preference
reddit_321,Reddit,0,1,1,1,1,0,1,0,1,0,1,0,0,1,5.25227342804663,1,family,personal_situated,2_clear_stated_preference,3_vulnerable_or_intimate_disclosure
reddit_322,Reddit,0,1,1,1,1,0,1,1,0,0,0,0,0,1,4.969813299576001,1,family,personal_situated,0_no_stated_preference,3_vulnerable_or_intimate_disclosure
reddit_323,Reddit,0,1,1,1,1,1,1,1,0,0,0,0,0,0,5.3230099791384085,1,relationship_social,personal_situated,2_clear_stated_preference,2_personal_difficulty_or_preference
reddit_324,Reddit,0,1,1,1,1,0,1,0,0,0,0,0,0,1,5.429345628954441,1,family,personal_situated,2_clear_stated_preference,3_vulnerable_or_intimate_disclosure
reddit_325,Reddit,0,0,1,0,0,0,1,1,0,0,0,0,0,0,5.225746673713202,0,career_work,factual_informational,1_weak_or_implicit_preference,1_factual_context
reddit_326,Reddit,0,1,1,1,1,0,1,1,0,0,0,0,0,1,5.44673737166631,1,family,personal_situated,2_clear_stated_preference,3_vulnerable_or_intimate_disclosure
reddit_327,Reddit,0,1,1,1,1,0,1,1,0,0,0,0,0,0,5.652489180268651,1,education_application,personal_situated,2_clear_stated_preference,2_personal_difficulty_or_preference
reddit_328,Reddit,0,1,1,1,1,0,0,0,0,0,0,0,0,1,6.113682179832232,1,finance_business,personal_situated,1_weak_or_implicit_preference,2_personal_difficulty_or_preference
reddit_329,Reddit,0,0,1,0,1,1,0,0,0,0,0,1,0,0,4.890349128221754,1,daily_life_practical,personal_situated,2_clear_stated_preference,1_factual_context
reddit_330,Reddit,0,0,1,0,1,0,0,0,0,0,0,0,0,0,4.499809670330265,0,technical_digital,factual_informational,2_clear_stated_preference,1_factual_context
reddit_331,Reddit,0,1,1,1,1,0,1,0,0,0,1,0,0,1,5.849324779946859,1,relationship_social,personal_situated,2_clear_stated_preference,3_vulnerable_or_intimate_disclosure
reddit_332,Reddit,0,1,1,1,1,1,0,0,0,0,0,1,0,0,5.087596335232384,1,relationship_social,personal_situated,2_clear_stated_preference,2_personal_difficulty_or_preference
reddit_333,Reddit,0,1,1,1,0,0,0,0,0,0,1,0,0,1,4.700480365792417,1,finance_business,personal_situated,2_clear_stated_preference,3_vulnerable_or_intimate_disclosure
reddit_334,Reddit,0,1,1,1,1,0,1,0,0,0,1,0,0,1,5.556828061699537,1,finance_business,personal_situated,1_weak_or_implicit_preference,3_vulnerable_or_intimate_disclosure
reddit_335,Reddit,0,1,1,1,1,0,1,1,0,0,0,0,1,1,6.309918278226516,1,relationship_social,personal_situated,1_weak_or_implicit_preference,3_vulnerable_or_intimate_disclosure
reddit_336,Reddit,0,1,1,1,1,0,1,1,0,0,0,0,0,0,5.181783550292085,1,education_application,personal_situated,2_clear_stated_preference,2_personal_difficulty_or_preference
reddit_337,Reddit,0,0,1,0,1,0,0,0,0,0,0,0,0,0,4.110873864173311,0,daily_life_practical,mixed,0_no_stated_preference,1_factual_context
reddit_338,Reddit,0,1,1,1,1,0,1,0,0,0,0,0,0,1,5.303304908059076,1,daily_life_practical,personal_situated,2_clear_stated_preference,2_personal_difficulty_or_preference
reddit_339,Reddit,0,1,1,1,1,0,1,0,0,0,1,0,0,1,5.529429087511423,1,health_wellbeing,personal_situated,2_clear_stated_preference,3_vulnerable_or_intimate_disclosure
reddit_340,Reddit,0,1,1,1,1,0,0,0,1,0,0,0,0,0,3.9512437185814275,1,health_wellbeing,personal_situated,0_no_stated_preference,2_personal_difficulty_or_preference
reddit_341,Reddit,0,1,1,1,1,0,0,1,1,0,1,0,0,1,5.0238805208462765,1,legal_bureaucratic,personal_situated,2_clear_stated_preference,3_vulnerable_or_intimate_disclosure
reddit_342,Reddit,0,1,1,1,1,1,1,1,0,0,1,0,0,0,6.253828811575473,1,career_work,personal_situated,1_weak_or_implicit_preference,2_personal_difficulty_or_preference
reddit_343,Reddit,0,1,1,1,1,0,1,1,0,0,0,0,0,0,5.817111159963204,1,relationship_social,personal_situated,2_clear_stated_preference,2_personal_difficulty_or_preference
reddit_344,Reddit,0,1,1,1,1,0,1,0,0,0,0,0,1,0,4.564348191467836,1,relationship_social,personal_situated,2_clear_stated_preference,2_personal_difficulty_or_preference
reddit_345,Reddit,0,1,1,1,1,0,1,0,1,0,0,0,0,1,5.598421958998375,1,education_application,personal_situated,1_weak_or_implicit_preference,3_vulnerable_or_intimate_disclosure
reddit_346,Reddit,0,1,1,1,1,0,0,0,0,0,0,0,1,1,5.231108616854587,1,relationship_social,personal_situated,2_clear_stated_preference,3_vulnerable_or_intimate_disclosure
reddit_347,Reddit,0,1,1,1,1,0,0,0,0,0,1,0,0,0,4.356708826689592,1,relationship_social,personal_situated,0_no_stated_preference,2_personal_difficulty_or_preference
reddit_348,Reddit,0,1,1,1,1,0,1,1,0,0,1,0,0,1,5.247024072160486,1,education_application,personal_situated,2_clear_stated_preference,3_vulnerable_or_intimate_disclosure
reddit_349,Reddit,0,1,1,0,1,0,1,0,0,0,0,0,0,0,4.584967478670572,1,career_work,personal_situated,2_clear_stated_preference,1_factual_context
reddit_350,Reddit,0,1,1,1,1,0,1,0,1,0,1,0,0,1,6.371611847231857,1,family,personal_situated,1_weak_or_implicit_preference,3_vulnerable_or_intimate_disclosure
reddit_351,Reddit,0,1,1,1,0,0,0,0,1,0,0,0,0,0,4.543294782270004,1,health_wellbeing,personal_situated,2_clear_stated_preference,2_personal_difficulty_or_preference
reddit_352,Reddit,0,1,1,1,1,0,1,1,0,0,1,0,0,1,6.198478716492308,1,education_application,personal_situated,2_clear_stated_preference,2_personal_difficulty_or_preference
reddit_353,Reddit,0,1,1,0,0,0,1,1,0,0,0,0,0,0,3.8918202981106265,1,health_wellbeing,personal_situated,0_no_stated_preference,1_factual_context
reddit_354,Reddit,0,1,1,1,1,0,1,1,0,0,1,0,0,1,5.480638923341991,1,relationship_social,personal_situated,1_weak_or_implicit_preference,3_vulnerable_or_intimate_disclosure
reddit_355,Reddit,0,1,1,1,1,1,0,0,0,0,1,0,0,1,5.5134287461649825,1,family,personal_situated,2_clear_stated_preference,2_personal_difficulty_or_preference
reddit_356,Reddit,0,0,1,1,1,0,1,0,1,0,0,0,0,0,3.9889840465642745,1,health_wellbeing,personal_situated,1_weak_or_implicit_preference,2_personal_difficulty_or_preference
reddit_357,Reddit,0,1,1,0,1,0,0,1,0,0,0,0,0,0,4.382026634673881,1,daily_life_practical,personal_situated,1_weak_or_implicit_preference,1_factual_context
reddit_358,Reddit,0,1,1,1,1,0,1,1,0,0,1,0,0,0,4.430816798843313,1,relationship_social,personal_situated,2_clear_stated_preference,2_personal_difficulty_or_preference
reddit_359,Reddit,0,1,1,1,1,1,1,0,1,0,0,0,0,1,5.241747015059643,1,relationship_social,personal_situated,1_weak_or_implicit_preference,3_vulnerable_or_intimate_disclosure
reddit_360,Reddit,0,1,1,1,1,0,1,1,0,0,0,0,0,0,4.897839799950911,1,relationship_social,personal_situated,1_weak_or_implicit_preference,2_personal_difficulty_or_preference
reddit_361,Reddit,0,1,1,1,1,1,0,0,0,0,0,1,0,0,4.890349128221754,1,relationship_social,personal_situated,2_clear_stated_preference,2_personal_difficulty_or_preference
reddit_362,Reddit,0,0,1,0,1,0,0,0,0,0,1,0,0,0,4.605170185988092,1,family,personal_situated,2_clear_stated_preference,2_personal_difficulty_or_preference
reddit_363,Reddit,0,1,1,1,1,0,1,1,0,0,0,0,0,1,4.736198448394496,1,relationship_social,personal_situated,2_clear_stated_preference,3_vulnerable_or_intimate_disclosure
reddit_364,Reddit,0,1,1,1,1,0,0,0,0,0,0,0,0,0,4.356708826689592,1,career_work,personal_situated,0_no_stated_preference,2_personal_difficulty_or_preference
reddit_365,Reddit,0,1,1,1,1,0,1,0,1,0,1,0,0,1,5.91350300563827,1,relationship_social,personal_situated,1_weak_or_implicit_preference,3_vulnerable_or_intimate_disclosure
reddit_366,Reddit,0,1,1,1,1,0,0,1,0,0,1,0,0,0,5.247024072160486,1,legal_bureaucratic,personal_situated,1_weak_or_implicit_preference,2_personal_difficulty_or_preference
reddit_367,Reddit,0,0,1,0,1,0,0,0,0,0,1,0,0,0,4.941642422609304,1,daily_life_practical,mixed,0_no_stated_preference,2_personal_difficulty_or_preference
reddit_368,Reddit,0,1,1,1,1,1,1,0,0,1,1,0,0,0,5.730099782973574,1,relationship_social,personal_situated,1_weak_or_implicit_preference,2_personal_difficulty_or_preference
reddit_369,Reddit,0,1,1,0,1,0,0,1,0,0,0,0,0,0,5.575949103146316,0,career_work,factual_informational,2_clear_stated_preference,1_factual_context
reddit_370,Reddit,0,0,1,1,1,0,1,1,1,0,0,0,1,1,5.978885764901122,1,health_wellbeing,personal_situated,1_weak_or_implicit_preference,3_vulnerable_or_intimate_disclosure
reddit_371,Reddit,0,1,1,0,1,0,1,0,0,0,1,0,0,1,4.31748811353631,1,relationship_social,personal_situated,0_no_stated_preference,2_personal_difficulty_or_preference
reddit_372,Reddit,0,1,1,1,1,1,1,1,0,0,1,0,0,0,5.860786223465865,1,finance_business,personal_situated,1_weak_or_implicit_preference,2_personal_difficulty_or_preference
reddit_373,Reddit,0,1,1,1,1,0,1,1,0,0,1,0,0,1,6.3473892096560105,1,career_work,personal_situated,2_clear_stated_preference,2_personal_difficulty_or_preference
reddit_374,Reddit,0,1,1,1,1,0,1,1,0,0,0,0,0,1,5.529429087511423,1,relationship_social,personal_situated,2_clear_stated_preference,3_vulnerable_or_intimate_disclosure
reddit_375,Reddit,0,1,1,1,1,1,0,0,0,0,1,0,0,1,5.236441962829949,1,relationship_social,personal_situated,2_clear_stated_preference,3_vulnerable_or_intimate_disclosure
reddit_376,Reddit,0,0,1,0,1,0,0,1,0,0,0,0,0,0,4.499809670330265,1,health_wellbeing,mixed,0_no_stated_preference,1_factual_context
reddit_377,Reddit,0,1,1,1,1,1,1,1,0,0,1,0,0,0,5.3981627015177525,1,relationship_social,personal_situated,2_clear_stated_preference,2_personal_difficulty_or_preference
reddit_378,Reddit,0,1,1,1,1,0,0,0,0,0,0,0,1,1,4.1588830833596715,1,education_application,personal_situated,1_weak_or_implicit_preference,2_personal_difficulty_or_preference
reddit_379,Reddit,0,1,1,0,1,0,1,1,0,0,0,0,1,0,4.6443908991413725,1,relationship_social,personal_situated,2_clear_stated_preference,2_personal_difficulty_or_preference
reddit_380,Reddit,0,1,1,0,1,0,1,0,0,0,0,0,0,0,5.37989735354046,1,career_work,personal_situated,0_no_stated_preference,2_personal_difficulty_or_preference
reddit_381,Reddit,0,1,1,0,0,0,0,1,0,0,0,0,0,0,4.060443010546419,1,daily_life_practical,personal_situated,1_weak_or_implicit_preference,1_factual_context
reddit_382,Reddit,0,1,1,1,1,0,1,1,1,0,0,0,0,1,5.3471075307174685,1,family,personal_situated,2_clear_stated_preference,3_vulnerable_or_intimate_disclosure
reddit_383,Reddit,0,0,1,1,1,1,0,1,1,0,0,1,0,1,4.927253685157205,1,career_work,personal_situated,2_clear_stated_preference,2_personal_difficulty_or_preference
reddit_384,Reddit,0,1,1,1,1,0,1,0,0,0,0,0,0,1,4.859812404361672,1,relationship_social,personal_situated,2_clear_stated_preference,3_vulnerable_or_intimate_disclosure
reddit_385,Reddit,0,0,1,1,0,0,1,1,0,0,0,0,0,0,5.056245805348308,1,career_work,mixed,2_clear_stated_preference,2_personal_difficulty_or_preference
reddit_386,Reddit,0,1,1,0,0,0,1,1,0,0,0,0,0,0,4.624972813284271,1,finance_business,mixed,1_weak_or_implicit_preference,1_factual_context
reddit_387,Reddit,0,1,1,1,1,0,1,1,0,0,0,0,0,0,5.575949103146316,1,education_application,personal_situated,1_weak_or_implicit_preference,2_personal_difficulty_or_preference
reddit_388,Reddit,0,1,1,0,1,1,1,0,0,0,0,0,0,0,4.3694478524670215,1,relationship_social,personal_situated,2_clear_stated_preference,1_factual_context
reddit_389,Reddit,0,1,1,0,0,0,0,0,0,0,0,0,0,0,3.828641396489095,0,health_wellbeing,factual_informational,2_clear_stated_preference,2_personal_difficulty_or_preference
reddit_390,Reddit,0,1,1,0,1,0,0,1,0,0,0,0,0,0,4.007333185232471,1,finance_business,personal_situated,0_no_stated_preference,1_factual_context
reddit_391,Reddit,0,1,1,1,1,1,0,0,0,0,1,0,0,0,6.003887067106539,1,relationship_social,personal_situated,2_clear_stated_preference,2_personal_difficulty_or_preference
reddit_392,Reddit,0,1,1,1,1,0,0,1,0,0,1,0,0,0,5.099866427824199,1,daily_life_practical,personal_situated,2_clear_stated_preference,2_personal_difficulty_or_preference
reddit_393,Reddit,0,1,1,1,1,1,1,0,0,0,1,0,0,1,5.53338948872752,1,relationship_social,personal_situated,2_clear_stated_preference,2_personal_difficulty_or_preference
reddit_394,Reddit,0,1,1,1,1,0,0,0,0,0,0,0,0,1,4.882801922586371,1,relationship_social,personal_situated,0_no_stated_preference,3_vulnerable_or_intimate_disclosure
reddit_395,Reddit,0,1,1,1,1,0,1,0,0,0,1,0,0,1,5.616771097666572,1,relationship_social,personal_situated,2_clear_stated_preference,2_personal_difficulty_or_preference
reddit_396,Reddit,0,1,1,1,1,0,1,0,0,0,1,0,0,1,5.521460917862246,1,education_application,personal_situated,2_clear_stated_preference,3_vulnerable_or_intimate_disclosure
reddit_397,Reddit,0,1,1,1,1,0,1,1,0,0,0,0,0,1,5.648974238161206,1,career_work,personal_situated,2_clear_stated_preference,3_vulnerable_or_intimate_disclosure
reddit_398,Reddit,0,1,1,1,1,0,1,1,0,0,0,0,1,1,6.073044534100405,1,relationship_social,personal_situated,2_clear_stated_preference,2_personal_difficulty_or_preference
reddit_399,Reddit,0,1,1,0,0,0,1,1,0,0,0,0,0,1,5.971261839790462,1,finance_business,mixed,2_clear_stated_preference,2_personal_difficulty_or_preference
reddit_400,Reddit,0,0,1,0,1,0,0,1,0,0,0,0,0,0,4.74493212836325,0,health_wellbeing,factual_informational,0_no_stated_preference,1_factual_context
reddit_401,Reddit,0,0,1,1,0,0,1,1,0,0,0,0,0,0,3.258096538021482,0,health_wellbeing,factual_informational,0_no_stated_preference,2_personal_difficulty_or_preference
reddit_402,Reddit,0,1,1,0,1,0,1,0,0,0,0,0,0,0,2.833213344056216,1,relationship_social,personal_situated,0_no_stated_preference,0_minimal_or_no_disclosure
reddit_403,Reddit,0,1,1,1,1,0,1,0,0,0,1,0,0,1,5.198497031265826,1,health_wellbeing,mixed,2_clear_stated_preference,3_vulnerable_or_intimate_disclosure
reddit_404,Reddit,0,1,1,1,1,0,0,0,0,0,1,0,0,1,4.382026634673881,1,education_application,personal_situated,2_clear_stated_preference,3_vulnerable_or_intimate_disclosure
reddit_405,Reddit,0,1,1,1,1,0,1,1,0,0,0,0,0,0,5.424950017481403,1,career_work,personal_situated,2_clear_stated_preference,2_personal_difficulty_or_preference
reddit_406,Reddit,0,1,1,1,1,0,1,0,0,0,1,0,0,0,5.552959584921617,1,legal_bureaucratic,personal_situated,2_clear_stated_preference,2_personal_difficulty_or_preference
reddit_407,Reddit,0,1,1,1,1,1,0,0,0,0,1,0,0,1,6.259581464064923,1,relationship_social,personal_situated,2_clear_stated_preference,3_vulnerable_or_intimate_disclosure
reddit_408,Reddit,0,1,1,0,1,0,0,0,0,0,0,0,0,0,4.564348191467836,1,health_wellbeing,personal_situated,0_no_stated_preference,2_personal_difficulty_or_preference
reddit_409,Reddit,0,1,1,0,1,0,1,1,1,0,0,0,0,1,4.48863636973214,1,education_application,mixed,0_no_stated_preference,2_personal_difficulty_or_preference
reddit_410,Reddit,0,0,1,0,1,1,0,1,0,0,0,0,0,0,4.653960350157523,1,education_application,personal_situated,2_clear_stated_preference,1_factual_context
reddit_411,Reddit,0,1,1,1,1,0,1,1,0,0,0,0,1,0,6.1463292576688975,1,education_application,personal_situated,1_weak_or_implicit_preference,2_personal_difficulty_or_preference
reddit_412,Reddit,0,1,1,1,1,0,1,1,0,0,0,0,1,0,5.2574953720277815,1,relationship_social,personal_situated,1_weak_or_implicit_preference,2_personal_difficulty_or_preference
reddit_413,Reddit,0,1,1,1,1,1,0,0,0,0,1,0,0,1,5.0689042022202315,1,family,personal_situated,2_clear_stated_preference,2_personal_difficulty_or_preference
reddit_414,Reddit,0,1,1,0,1,0,0,0,0,0,0,0,0,0,3.6109179126442243,1,education_application,personal_situated,0_no_stated_preference,1_factual_context
reddit_415,Reddit,0,1,1,1,1,0,1,0,0,0,1,0,0,1,5.918893854273146,1,health_wellbeing,personal_situated,2_clear_stated_preference,3_vulnerable_or_intimate_disclosure
reddit_416,Reddit,0,0,1,0,1,0,0,0,0,0,0,0,0,0,4.836281906951478,1,family,mixed,2_clear_stated_preference,2_personal_difficulty_or_preference
reddit_417,Reddit,0,1,1,1,1,0,1,0,0,0,0,0,1,1,6.030685260261263,1,relationship_social,personal_situated,1_weak_or_implicit_preference,3_vulnerable_or_intimate_disclosure
reddit_418,Reddit,0,1,1,1,1,0,0,1,0,0,0,0,1,0,4.941642422609304,1,relationship_social,personal_situated,1_weak_or_implicit_preference,2_personal_difficulty_or_preference
reddit_419,Reddit,0,1,1,1,1,1,1,0,0,0,0,0,0,1,5.517452896464707,1,education_application,personal_situated,1_weak_or_implicit_preference,3_vulnerable_or_intimate_disclosure
reddit_420,Reddit,0,1,1,1,1,0,1,1,1,0,0,0,0,1,6.2285110035911835,1,family,personal_situated,2_clear_stated_preference,3_vulnerable_or_intimate_disclosure
reddit_421,Reddit,0,1,1,1,1,1,1,0,0,0,0,0,0,1,5.768320995793772,1,relationship_social,personal_situated,1_weak_or_implicit_preference,2_personal_difficulty_or_preference
reddit_422,Reddit,0,1,1,1,1,0,0,0,0,0,0,0,0,1,4.983606621708336,1,health_wellbeing,personal_situated,2_clear_stated_preference,3_vulnerable_or_intimate_disclosure
reddit_423,Reddit,0,1,1,1,0,0,1,1,0,0,0,0,0,0,5.135798437050262,1,education_application,personal_situated,1_weak_or_implicit_preference,2_personal_difficulty_or_preference
reddit_424,Reddit,0,1,1,0,1,1,1,0,0,0,0,0,0,1,4.060443010546419,1,family,personal_situated,1_weak_or_implicit_preference,3_vulnerable_or_intimate_disclosure
reddit_425,Reddit,0,1,1,1,1,1,1,0,0,0,0,0,0,1,6.304448802421981,1,relationship_social,personal_situated,2_clear_stated_preference,3_vulnerable_or_intimate_disclosure
reddit_426,Reddit,0,1,1,0,0,0,0,1,0,0,0,0,0,0,4.30406509320417,0,technical_digital,factual_informational,1_weak_or_implicit_preference,1_factual_context
reddit_427,Reddit,0,1,1,0,1,0,1,1,0,0,0,0,0,0,6.068425588244111,1,finance_business,personal_situated,1_weak_or_implicit_preference,2_personal_difficulty_or_preference
reddit_428,Reddit,0,1,1,0,1,0,0,0,0,0,0,0,0,0,4.48863636973214,1,family,personal_situated,2_clear_stated_preference,1_factual_context
reddit_429,Reddit,0,1,1,1,1,0,1,0,0,0,1,0,0,1,5.0238805208462765,1,relationship_social,personal_situated,2_clear_stated_preference,3_vulnerable_or_intimate_disclosure
reddit_430,Reddit,0,0,1,0,0,0,0,0,0,0,0,0,0,0,4.477336814478207,0,daily_life_practical,factual_informational,2_clear_stated_preference,1_factual_context
reddit_431,Reddit,0,1,1,1,1,0,1,0,1,0,0,0,0,1,5.517452896464707,1,education_application,personal_situated,1_weak_or_implicit_preference,3_vulnerable_or_intimate_disclosure
reddit_432,Reddit,0,1,1,1,1,1,1,0,0,0,1,0,0,0,5.910796644040527,1,relationship_social,personal_situated,2_clear_stated_preference,2_personal_difficulty_or_preference
reddit_433,Reddit,0,1,1,0,1,1,1,0,0,0,0,0,1,0,4.110873864173311,1,relationship_social,personal_situated,0_no_stated_preference,2_personal_difficulty_or_preference
reddit_434,Reddit,0,1,1,1,1,0,0,0,0,0,1,0,0,0,3.6635616461296463,1,relationship_social,personal_situated,1_weak_or_implicit_preference,2_personal_difficulty_or_preference
reddit_435,Reddit,0,1,1,1,1,0,1,0,0,0,1,0,1,1,6.5337888379333435,1,relationship_social,personal_situated,2_clear_stated_preference,3_vulnerable_or_intimate_disclosure
reddit_436,Reddit,0,1,1,1,1,0,1,1,0,0,0,0,0,0,4.709530201312334,1,relationship_social,personal_situated,1_weak_or_implicit_preference,2_personal_difficulty_or_preference
reddit_437,Reddit,0,1,1,1,1,0,1,0,1,0,1,0,0,0,6.293419278846481,1,family,personal_situated,1_weak_or_implicit_preference,2_personal_difficulty_or_preference
reddit_438,Reddit,0,1,1,1,1,0,1,1,0,0,0,0,0,1,6.568077911411976,1,daily_life_practical,personal_situated,1_weak_or_implicit_preference,3_vulnerable_or_intimate_disclosure
reddit_439,Reddit,0,1,1,0,1,1,0,1,0,0,1,0,0,1,5.424950017481403,1,legal_bureaucratic,personal_situated,2_clear_stated_preference,2_personal_difficulty_or_preference
reddit_440,Reddit,0,1,1,0,1,0,0,0,0,0,0,0,0,0,3.332204510175204,1,relationship_social,personal_situated,0_no_stated_preference,1_factual_context
reddit_441,Reddit,0,1,1,1,1,1,1,0,0,0,0,0,0,1,6.436150368369428,1,family,personal_situated,2_clear_stated_preference,3_vulnerable_or_intimate_disclosure
reddit_442,Reddit,0,1,1,1,1,0,1,0,0,0,0,0,0,1,6.184148890937483,1,family,personal_situated,1_weak_or_implicit_preference,3_vulnerable_or_intimate_disclosure
reddit_443,Reddit,0,1,1,1,1,1,1,1,1,0,1,0,0,1,5.680172609017068,1,family,personal_situated,2_clear_stated_preference,3_vulnerable_or_intimate_disclosure
reddit_444,Reddit,0,1,1,1,1,0,1,0,0,0,0,0,0,1,4.356708826689592,1,relationship_social,personal_situated,0_no_stated_preference,2_personal_difficulty_or_preference
reddit_445,Reddit,0,1,1,0,1,0,1,1,0,0,0,0,0,0,5.41610040220442,1,finance_business,personal_situated,1_weak_or_implicit_preference,2_personal_difficulty_or_preference
reddit_446,Reddit,0,1,1,1,1,0,0,0,1,1,0,0,0,0,6.210600077024653,1,career_work,personal_situated,1_weak_or_implicit_preference,2_personal_difficulty_or_preference
reddit_447,Reddit,0,1,1,1,1,0,1,0,0,0,0,0,0,1,5.3706380281276624,1,legal_bureaucratic,personal_situated,0_no_stated_preference,3_vulnerable_or_intimate_disclosure
reddit_448,Reddit,0,1,1,1,1,0,1,1,0,0,0,0,0,1,4.890349128221754,1,career_work,personal_situated,2_clear_stated_preference,3_vulnerable_or_intimate_disclosure
reddit_449,Reddit,0,1,1,1,1,1,1,0,0,0,1,1,0,0,5.860786223465865,1,relationship_social,personal_situated,2_clear_stated_preference,1_factual_context
reddit_450,Reddit,0,1,1,1,1,0,1,1,0,0,0,0,0,1,4.477336814478207,1,relationship_social,personal_situated,1_weak_or_implicit_preference,3_vulnerable_or_intimate_disclosure
reddit_451,Reddit,0,1,1,1,1,0,0,1,0,0,1,0,0,0,5.0238805208462765,1,health_wellbeing,personal_situated,2_clear_stated_preference,2_personal_difficulty_or_preference
reddit_452,Reddit,0,1,1,1,1,0,1,0,1,0,0,0,0,1,5.135798437050262,1,career_work,personal_situated,2_clear_stated_preference,3_vulnerable_or_intimate_disclosure
reddit_453,Reddit,0,1,1,0,1,0,0,0,0,0,1,0,0,0,4.912654885736052,1,health_wellbeing,personal_situated,0_no_stated_preference,1_factual_context
reddit_454,Reddit,0,1,1,1,1,0,1,1,0,0,0,0,1,0,6.424869023905388,1,daily_life_practical,personal_situated,2_clear_stated_preference,2_personal_difficulty_or_preference
reddit_455,Reddit,0,1,1,1,1,0,1,1,0,0,0,0,0,1,5.327876168789581,1,relationship_social,personal_situated,2_clear_stated_preference,3_vulnerable_or_intimate_disclosure
reddit_456,Reddit,0,1,1,1,1,0,1,0,0,0,0,0,0,0,5.159055299214529,1,education_application,personal_situated,1_weak_or_implicit_preference,2_personal_difficulty_or_preference
reddit_457,Reddit,0,1,1,1,0,0,1,1,0,0,0,0,0,0,4.454347296253507,1,career_work,personal_situated,1_weak_or_implicit_preference,2_personal_difficulty_or_preference
reddit_458,Reddit,0,1,1,0,0,0,0,1,0,0,0,0,0,0,3.5553480614894135,0,finance_business,factual_informational,2_clear_stated_preference,0_minimal_or_no_disclosure
reddit_459,Reddit,0,1,1,0,1,0,1,0,0,0,1,0,0,0,4.543294782270004,1,career_work,personal_situated,2_clear_stated_preference,2_personal_difficulty_or_preference
reddit_460,Reddit,0,1,1,1,1,0,1,0,0,0,0,0,0,0,6.272877006546167,1,relationship_social,personal_situated,1_weak_or_implicit_preference,2_personal_difficulty_or_preference
reddit_461,Reddit,0,1,1,0,1,0,0,1,0,0,0,0,0,0,5.267858159063328,1,relationship_social,personal_situated,1_weak_or_implicit_preference,1_factual_context
reddit_462,Reddit,0,1,1,0,1,0,1,0,0,0,1,0,0,0,4.912654885736052,1,legal_bureaucratic,personal_situated,0_no_stated_preference,1_factual_context
reddit_463,Reddit,0,1,1,1,0,0,1,0,0,0,0,0,0,0,4.7535901911063645,1,education_application,personal_situated,1_weak_or_implicit_preference,2_personal_difficulty_or_preference
reddit_464,Reddit,0,1,1,1,1,1,0,0,0,0,1,1,0,1,5.402677381872279,1,relationship_social,personal_situated,2_clear_stated_preference,3_vulnerable_or_intimate_disclosure
reddit_465,Reddit,0,1,1,0,1,0,0,0,0,0,1,0,0,0,5.220355825078324,1,technical_digital,mixed,0_no_stated_preference,1_factual_context
reddit_466,Reddit,0,1,1,1,1,0,1,0,1,0,1,0,0,1,4.812184355372417,1,career_work,personal_situated,2_clear_stated_preference,2_personal_difficulty_or_preference
reddit_467,Reddit,0,1,1,0,1,0,0,1,0,0,0,0,0,0,5.662960480135946,1,legal_bureaucratic,personal_situated,2_clear_stated_preference,1_factual_context
reddit_468,Reddit,0,1,1,1,1,1,1,1,0,0,0,1,0,1,5.973809611869261,1,relationship_social,personal_situated,1_weak_or_implicit_preference,3_vulnerable_or_intimate_disclosure
reddit_469,Reddit,0,1,1,1,1,1,1,1,0,0,0,1,1,1,5.278114659230517,1,career_work,personal_situated,1_weak_or_implicit_preference,3_vulnerable_or_intimate_disclosure
reddit_470,Reddit,0,1,1,0,1,0,0,1,0,0,0,0,0,0,3.970291913552122,1,finance_business,mixed,2_clear_stated_preference,1_factual_context
reddit_471,Reddit,0,1,1,0,1,0,1,0,0,0,1,0,0,0,4.919980925828125,1,family,personal_situated,0_no_stated_preference,2_personal_difficulty_or_preference
reddit_472,Reddit,0,1,1,1,1,0,0,0,1,0,1,0,0,1,4.787491742782046,1,education_application,mixed,1_weak_or_implicit_preference,2_personal_difficulty_or_preference
reddit_473,Reddit,0,1,1,1,1,0,0,1,0,0,1,0,0,1,6.18826412308259,1,legal_bureaucratic,personal_situated,2_clear_stated_preference,3_vulnerable_or_intimate_disclosure
reddit_474,Reddit,0,1,1,1,1,0,1,0,0,0,1,0,0,1,6.598509028614515,1,daily_life_practical,personal_situated,2_clear_stated_preference,3_vulnerable_or_intimate_disclosure
reddit_475,Reddit,0,1,1,1,1,0,1,0,1,0,1,0,0,1,5.655991810819852,1,career_work,personal_situated,1_weak_or_implicit_preference,3_vulnerable_or_intimate_disclosure
reddit_476,Reddit,0,1,1,1,1,0,1,1,0,0,0,0,0,0,6.115892125483034,1,education_application,personal_situated,2_clear_stated_preference,1_factual_context
reddit_477,Reddit,0,1,1,1,1,1,1,0,0,0,1,0,0,1,5.278114659230517,1,relationship_social,personal_situated,2_clear_stated_preference,2_personal_difficulty_or_preference
reddit_478,Reddit,0,1,1,1,1,0,1,0,0,0,0,0,0,1,5.82600010738045,1,career_work,personal_situated,2_clear_stated_preference,2_personal_difficulty_or_preference
reddit_479,Reddit,0,1,1,0,0,0,0,0,0,0,0,0,0,0,4.584967478670572,0,health_wellbeing,factual_informational,0_no_stated_preference,1_factual_context
reddit_480,Reddit,0,1,1,1,1,0,1,0,1,0,1,0,0,1,5.814130531825066,1,finance_business,personal_situated,0_no_stated_preference,3_vulnerable_or_intimate_disclosure
reddit_481,Reddit,0,1,1,1,1,0,1,1,0,0,0,0,1,1,6.318968113746434,1,education_application,personal_situated,1_weak_or_implicit_preference,3_vulnerable_or_intimate_disclosure
reddit_482,Reddit,0,1,1,1,1,0,0,0,1,0,1,0,0,0,4.553876891600541,1,relationship_social,personal_situated,2_clear_stated_preference,2_personal_difficulty_or_preference
reddit_483,Reddit,0,1,1,1,1,0,0,0,0,0,0,0,0,0,5.568344503761097,1,relationship_social,personal_situated,2_clear_stated_preference,2_personal_difficulty_or_preference
reddit_484,Reddit,0,1,1,0,1,0,1,1,0,0,0,0,0,0,5.2832037287379885,1,education_application,personal_situated,1_weak_or_implicit_preference,2_personal_difficulty_or_preference
reddit_485,Reddit,0,1,1,1,1,0,0,0,0,0,1,0,0,0,4.574710978503383,1,career_work,personal_situated,2_clear_stated_preference,2_personal_difficulty_or_preference
reddit_486,Reddit,0,1,1,1,1,0,1,1,0,0,1,0,1,1,6.253828811575473,1,health_wellbeing,personal_situated,2_clear_stated_preference,3_vulnerable_or_intimate_disclosure
reddit_487,Reddit,0,1,1,1,0,0,0,1,0,0,0,0,0,0,4.890349128221754,1,health_wellbeing,personal_situated,1_weak_or_implicit_preference,2_personal_difficulty_or_preference
reddit_488,Reddit,0,1,1,0,1,0,0,0,0,0,1,0,0,0,4.653960350157523,0,education_application,mixed,2_clear_stated_preference,2_personal_difficulty_or_preference
reddit_489,Reddit,0,1,1,1,1,0,1,0,0,0,1,0,0,1,6.054439346269371,1,relationship_social,personal_situated,2_clear_stated_preference,3_vulnerable_or_intimate_disclosure
reddit_490,Reddit,0,1,1,1,1,0,1,1,0,0,0,0,0,1,5.181783550292085,1,family,personal_situated,1_weak_or_implicit_preference,3_vulnerable_or_intimate_disclosure
reddit_491,Reddit,0,1,1,1,1,0,0,0,0,0,1,0,0,1,6.173786103901937,1,relationship_social,personal_situated,1_weak_or_implicit_preference,3_vulnerable_or_intimate_disclosure
reddit_492,Reddit,0,0,1,1,1,0,1,0,0,0,0,0,0,1,5.723585101952381,1,health_wellbeing,personal_situated,0_no_stated_preference,3_vulnerable_or_intimate_disclosure
reddit_493,Reddit,0,1,1,0,0,0,1,1,0,0,0,0,0,0,5.713732805509369,1,education_application,personal_situated,2_clear_stated_preference,1_factual_context
reddit_494,Reddit,0,1,1,1,1,0,1,1,0,0,0,0,0,0,5.8888779583328805,1,relationship_social,personal_situated,1_weak_or_implicit_preference,2_personal_difficulty_or_preference
reddit_495,Reddit,0,1,1,0,1,0,1,1,0,0,0,0,1,1,6.1092475827643655,1,health_wellbeing,personal_situated,1_weak_or_implicit_preference,3_vulnerable_or_intimate_disclosure
reddit_496,Reddit,0,1,1,1,1,0,1,0,1,0,1,0,1,1,5.8971538676367405,1,relationship_social,personal_situated,2_clear_stated_preference,3_vulnerable_or_intimate_disclosure
reddit_497,Reddit,0,1,1,1,1,0,1,1,0,0,0,0,0,1,5.187385805840755,1,health_wellbeing,personal_situated,1_weak_or_implicit_preference,3_vulnerable_or_intimate_disclosure
reddit_498,Reddit,0,1,1,1,1,0,0,0,0,0,1,0,0,1,5.4638318050256105,1,legal_bureaucratic,personal_situated,0_no_stated_preference,3_vulnerable_or_intimate_disclosure
reddit_499,Reddit,0,1,1,0,1,0,0,0,0,0,1,0,0,1,3.5553480614894135,1,relationship_social,personal_situated,0_no_stated_preference,3_vulnerable_or_intimate_disclosure
reddit_500,Reddit,0,1,1,1,1,0,1,0,0,0,0,0,0,1,5.82600010738045,1,family,personal_situated,2_clear_stated_preference,3_vulnerable_or_intimate_disclosure
reddit_501,Reddit,0,1,1,1,1,1,1,1,0,0,1,0,0,0,5.342334251964811,1,relationship_social,personal_situated,1_weak_or_implicit_preference,2_personal_difficulty_or_preference
reddit_502,Reddit,0,1,1,0,1,0,0,1,0,0,0,0,0,0,5.393627546352362,1,finance_business,personal_situated,2_clear_stated_preference,1_factual_context
reddit_503,Reddit,0,1,1,1,1,0,1,0,0,0,0,0,0,1,6.023447592961033,1,career_work,personal_situated,0_no_stated_preference,3_vulnerable_or_intimate_disclosure
reddit_504,Reddit,0,1,1,0,1,0,0,0,0,0,0,0,0,0,5.424950017481403,0,finance_business,factual_informational,2_clear_stated_preference,1_factual_context
reddit_505,Reddit,0,1,1,1,1,0,1,1,0,0,0,0,1,1,6.013715156042802,1,daily_life_practical,personal_situated,1_weak_or_implicit_preference,2_personal_difficulty_or_preference
reddit_506,Reddit,0,1,1,1,1,0,1,1,0,0,0,0,1,1,5.308267697401205,1,relationship_social,personal_situated,1_weak_or_implicit_preference,3_vulnerable_or_intimate_disclosure
reddit_507,Reddit,0,0,1,1,1,0,0,1,0,0,0,0,0,0,5.594711379601839,1,health_wellbeing,personal_situated,2_clear_stated_preference,2_personal_difficulty_or_preference
reddit_508,Reddit,0,1,1,1,1,0,1,0,0,0,0,0,0,1,5.393627546352362,1,education_application,personal_situated,1_weak_or_implicit_preference,3_vulnerable_or_intimate_disclosure
reddit_509,Reddit,0,1,1,1,1,0,1,0,0,0,1,0,0,1,5.883322388488279,1,education_application,personal_situated,2_clear_stated_preference,3_vulnerable_or_intimate_disclosure
reddit_510,Reddit,0,1,1,1,1,1,0,0,0,0,0,0,0,0,4.919980925828125,1,relationship_social,personal_situated,0_no_stated_preference,2_personal_difficulty_or_preference
reddit_511,Reddit,0,1,1,1,1,0,1,1,0,0,0,0,0,0,4.897839799950911,1,career_work,personal_situated,1_weak_or_implicit_preference,2_personal_difficulty_or_preference
reddit_512,Reddit,0,0,1,1,1,0,0,0,1,0,0,0,0,1,5.204006687076795,1,family,personal_situated,2_clear_stated_preference,3_vulnerable_or_intimate_disclosure
reddit_513,Reddit,0,1,1,1,1,0,1,0,0,0,0,0,0,1,5.730099782973574,1,relationship_social,personal_situated,1_weak_or_implicit_preference,3_vulnerable_or_intimate_disclosure
reddit_514,Reddit,0,0,1,1,1,0,0,1,0,0,0,0,0,0,4.219507705176107,1,education_application,personal_situated,2_clear_stated_preference,2_personal_difficulty_or_preference
reddit_515,Reddit,0,1,1,1,1,0,1,0,0,0,1,0,0,1,5.225746673713202,1,family,personal_situated,2_clear_stated_preference,3_vulnerable_or_intimate_disclosure
reddit_516,Reddit,0,1,1,1,1,0,0,0,0,0,0,0,0,1,5.993961427306569,1,family,personal_situated,2_clear_stated_preference,2_personal_difficulty_or_preference
reddit_517,Reddit,0,1,1,0,1,0,0,0,0,0,1,0,0,1,5.308267697401205,1,legal_bureaucratic,personal_situated,2_clear_stated_preference,3_vulnerable_or_intimate_disclosure
reddit_518,Reddit,0,1,1,1,1,0,1,0,1,0,0,0,0,0,4.624972813284271,1,family,personal_situated,1_weak_or_implicit_preference,2_personal_difficulty_or_preference
reddit_519,Reddit,0,1,1,0,0,0,0,1,0,0,0,0,0,0,3.8066624897703196,0,finance_business,factual_informational,0_no_stated_preference,0_minimal_or_no_disclosure
reddit_520,Reddit,0,1,1,1,1,1,1,0,1,0,0,0,0,0,4.68213122712422,1,education_application,personal_situated,1_weak_or_implicit_preference,2_personal_difficulty_or_preference
reddit_521,Reddit,0,1,1,1,0,0,1,1,0,0,0,0,1,1,4.997212273764115,1,career_work,personal_situated,2_clear_stated_preference,2_personal_difficulty_or_preference
reddit_522,Reddit,0,1,1,1,1,0,1,1,0,0,0,0,0,0,5.3981627015177525,1,education_application,personal_situated,2_clear_stated_preference,2_personal_difficulty_or_preference
reddit_523,Reddit,0,1,1,0,1,0,1,1,0,0,0,0,0,0,5.043425116919247,1,education_application,personal_situated,1_weak_or_implicit_preference,1_factual_context
reddit_524,Reddit,0,1,1,0,0,0,1,1,0,0,1,0,0,0,4.219507705176107,0,technical_digital,factual_informational,0_no_stated_preference,1_factual_context
reddit_525,Reddit,0,1,1,1,1,0,1,0,0,0,1,0,0,0,4.189654742026425,1,relationship_social,personal_situated,0_no_stated_preference,2_personal_difficulty_or_preference
reddit_526,Reddit,0,1,1,1,1,0,0,0,1,0,0,0,0,1,5.501258210544727,1,health_wellbeing,personal_situated,2_clear_stated_preference,3_vulnerable_or_intimate_disclosure
reddit_527,Reddit,0,1,1,0,1,1,1,1,0,0,1,0,0,0,5.631211781821365,1,relationship_social,personal_situated,2_clear_stated_preference,2_personal_difficulty_or_preference
reddit_528,Reddit,0,1,1,1,1,1,1,0,0,0,1,0,0,1,4.941642422609304,1,family,personal_situated,1_weak_or_implicit_preference,3_vulnerable_or_intimate_disclosure
reddit_529,Reddit,0,1,1,1,1,0,1,1,0,0,1,0,0,0,5.823045895483019,1,legal_bureaucratic,personal_situated,1_weak_or_implicit_preference,2_personal_difficulty_or_preference
reddit_530,Reddit,0,1,1,1,1,0,1,1,0,0,0,0,0,0,5.43372200355424,1,legal_bureaucratic,mixed,2_clear_stated_preference,1_factual_context
reddit_531,Reddit,0,1,1,0,1,0,0,1,0,0,0,0,1,1,5.318119993844216,1,relationship_social,personal_situated,2_clear_stated_preference,2_personal_difficulty_or_preference
reddit_532,Reddit,0,1,1,0,0,0,1,1,0,0,0,0,0,0,5.351858133476067,1,technical_digital,personal_situated,1_weak_or_implicit_preference,1_factual_context
reddit_533,Reddit,0,1,1,1,1,0,0,0,0,0,0,0,0,1,4.189654742026425,1,health_wellbeing,personal_situated,2_clear_stated_preference,3_vulnerable_or_intimate_disclosure
reddit_534,Reddit,0,1,1,1,1,0,0,1,0,0,0,0,0,0,5.638354669333745,1,career_work,personal_situated,2_clear_stated_preference,2_personal_difficulty_or_preference
reddit_535,Reddit,0,0,1,1,1,0,1,0,1,0,0,0,0,1,5.564520407322694,1,family,personal_situated,1_weak_or_implicit_preference,3_vulnerable_or_intimate_disclosure
reddit_536,Reddit,0,1,1,0,1,0,1,1,0,0,0,0,1,0,4.499809670330265,1,education_application,personal_situated,2_clear_stated_preference,2_personal_difficulty_or_preference
reddit_537,Reddit,0,1,1,1,1,0,1,1,1,0,0,0,0,1,5.545177444479562,1,relationship_social,personal_situated,2_clear_stated_preference,3_vulnerable_or_intimate_disclosure
reddit_538,Reddit,0,0,1,0,0,0,1,1,0,0,1,0,0,0,4.859812404361672,0,education_application,mixed,2_clear_stated_preference,1_factual_context
reddit_539,Reddit,0,0,1,0,1,0,0,0,0,0,0,0,0,0,4.574710978503383,1,creative,personal_situated,2_clear_stated_preference,1_factual_context
reddit_540,Reddit,0,1,1,0,1,0,0,1,0,0,0,0,0,0,4.454347296253507,1,family,personal_situated,0_no_stated_preference,1_factual_context
reddit_541,Reddit,0,1,1,1,1,0,1,1,0,0,1,0,1,1,5.43372200355424,1,education_application,personal_situated,2_clear_stated_preference,2_personal_difficulty_or_preference
reddit_542,Reddit,0,1,1,1,1,0,0,1,0,0,0,0,0,1,5.680172609017068,1,family,personal_situated,2_clear_stated_preference,3_vulnerable_or_intimate_disclosure
reddit_543,Reddit,0,1,1,0,1,0,0,1,0,0,0,0,0,0,4.2626798770413155,1,legal_bureaucratic,personal_situated,0_no_stated_preference,2_personal_difficulty_or_preference
reddit_544,Reddit,0,1,1,1,1,0,1,1,0,0,1,0,0,1,5.811140992976701,1,career_work,personal_situated,2_clear_stated_preference,3_vulnerable_or_intimate_disclosure
reddit_545,Reddit,0,1,1,1,1,0,1,0,0,0,1,0,0,1,5.594711379601839,1,legal_bureaucratic,personal_situated,2_clear_stated_preference,3_vulnerable_or_intimate_disclosure
reddit_546,Reddit,0,1,1,1,1,0,1,0,1,0,0,0,0,1,4.6913478822291435,1,relationship_social,personal_situated,0_no_stated_preference,3_vulnerable_or_intimate_disclosure
reddit_547,Reddit,0,1,1,1,0,0,1,0,0,0,1,0,0,0,4.990432586778736,1,daily_life_practical,mixed,2_clear_stated_preference,2_personal_difficulty_or_preference
reddit_548,Reddit,0,1,1,1,1,1,1,1,0,0,1,0,0,1,6.253828811575473,1,relationship_social,personal_situated,2_clear_stated_preference,3_vulnerable_or_intimate_disclosure
reddit_549,Reddit,0,1,1,1,1,0,1,0,0,0,1,0,1,1,5.6240175061873385,1,career_work,personal_situated,2_clear_stated_preference,3_vulnerable_or_intimate_disclosure
reddit_550,Reddit,0,1,1,1,1,0,1,0,0,0,0,0,0,0,6.156978985585555,1,relationship_social,personal_situated,1_weak_or_implicit_preference,2_personal_difficulty_or_preference
reddit_551,Reddit,0,1,1,1,1,0,0,1,0,0,0,0,1,0,4.795790545596741,1,career_work,personal_situated,0_no_stated_preference,1_factual_context
reddit_552,Reddit,0,1,1,1,1,0,1,1,0,0,0,0,0,0,5.823045895483019,1,legal_bureaucratic,personal_situated,2_clear_stated_preference,2_personal_difficulty_or_preference
reddit_553,Reddit,0,1,1,0,1,0,0,0,0,0,0,0,0,0,4.852030263919617,0,daily_life_practical,mixed,2_clear_stated_preference,1_factual_context
reddit_554,Reddit,0,1,1,1,1,0,1,0,0,0,0,0,0,0,4.927253685157205,1,relationship_social,personal_situated,1_weak_or_implicit_preference,2_personal_difficulty_or_preference
reddit_555,Reddit,0,1,1,1,1,0,1,1,0,0,1,0,0,1,5.978885764901122,1,education_application,personal_situated,1_weak_or_implicit_preference,3_vulnerable_or_intimate_disclosure
reddit_556,Reddit,0,1,1,1,1,1,1,0,0,0,1,0,0,1,4.836281906951478,1,education_application,personal_situated,1_weak_or_implicit_preference,3_vulnerable_or_intimate_disclosure
reddit_557,Reddit,0,1,1,1,1,0,1,1,0,0,0,0,1,0,5.424950017481403,1,family,personal_situated,2_clear_stated_preference,2_personal_difficulty_or_preference
reddit_558,Reddit,0,1,1,0,1,0,1,1,0,0,0,0,0,0,6.054439346269371,1,career_work,personal_situated,2_clear_stated_preference,2_personal_difficulty_or_preference
reddit_559,Reddit,0,1,1,1,1,1,0,0,0,0,1,1,0,0,5.831882477283517,1,relationship_social,personal_situated,2_clear_stated_preference,2_personal_difficulty_or_preference
reddit_560,Reddit,0,0,1,1,1,0,1,1,0,0,0,0,0,0,4.8283137373023015,1,relationship_social,personal_situated,1_weak_or_implicit_preference,2_personal_difficulty_or_preference
reddit_561,Reddit,0,1,1,1,1,0,0,0,0,0,1,0,0,1,3.871201010907891,1,career_work,personal_situated,2_clear_stated_preference,3_vulnerable_or_intimate_disclosure
reddit_562,Reddit,0,1,1,1,1,0,1,0,0,0,0,0,1,1,4.927253685157205,1,relationship_social,personal_situated,1_weak_or_implicit_preference,3_vulnerable_or_intimate_disclosure
reddit_563,Reddit,0,1,1,1,1,1,1,0,0,0,0,1,0,1,4.787491742782046,1,family,personal_situated,2_clear_stated_preference,3_vulnerable_or_intimate_disclosure
reddit_564,Reddit,0,1,1,1,1,0,1,0,1,0,0,0,0,1,4.605170185988092,1,relationship_social,personal_situated,2_clear_stated_preference,3_vulnerable_or_intimate_disclosure
reddit_565,Reddit,0,1,1,0,1,0,1,0,0,0,0,0,0,0,5.337538079701318,1,daily_life_practical,personal_situated,1_weak_or_implicit_preference,1_factual_context
reddit_566,Reddit,0,1,1,1,1,1,1,1,0,0,1,0,0,1,6.352629396319567,1,legal_bureaucratic,personal_situated,2_clear_stated_preference,3_vulnerable_or_intimate_disclosure
reddit_567,Reddit,0,1,1,0,1,0,1,1,0,0,1,0,0,0,5.697093486505405,1,career_work,personal_situated,2_clear_stated_preference,2_personal_difficulty_or_preference
reddit_568,Reddit,0,1,1,1,1,0,1,0,0,0,0,0,0,0,4.912654885736052,1,relationship_social,personal_situated,2_clear_stated_preference,2_personal_difficulty_or_preference
reddit_569,Reddit,0,1,1,1,1,0,1,0,0,0,0,0,0,1,5.488937726156687,1,relationship_social,personal_situated,2_clear_stated_preference,2_personal_difficulty_or_preference
reddit_570,Reddit,0,1,1,1,1,0,0,0,1,0,1,0,0,1,4.204692619390966,1,health_wellbeing,personal_situated,2_clear_stated_preference,2_personal_difficulty_or_preference
reddit_571,Reddit,0,1,1,1,1,0,1,0,1,0,1,0,1,1,6.042632833682381,1,relationship_social,personal_situated,2_clear_stated_preference,3_vulnerable_or_intimate_disclosure
reddit_572,Reddit,0,1,1,1,0,0,1,1,0,0,1,0,0,1,4.110873864173311,1,health_wellbeing,personal_situated,2_clear_stated_preference,3_vulnerable_or_intimate_disclosure
reddit_573,Reddit,0,1,1,0,1,0,0,0,0,0,0,0,0,0,4.859812404361672,1,relationship_social,personal_situated,2_clear_stated_preference,1_factual_context
reddit_574,Reddit,0,1,1,1,1,0,0,0,0,0,0,0,0,0,4.948759890378168,1,relationship_social,personal_situated,1_weak_or_implicit_preference,2_personal_difficulty_or_preference
reddit_575,Reddit,0,1,1,1,1,0,1,1,0,0,1,0,1,0,5.209486152841421,1,family,personal_situated,2_clear_stated_preference,2_personal_difficulty_or_preference
reddit_576,Reddit,0,1,1,1,1,0,1,0,0,0,1,0,0,0,6.049733455231958,1,career_work,personal_situated,1_weak_or_implicit_preference,2_personal_difficulty_or_preference
reddit_577,Reddit,0,1,1,1,1,0,0,1,0,0,1,0,0,0,4.442651256490317,1,relationship_social,personal_situated,2_clear_stated_preference,2_personal_difficulty_or_preference
reddit_578,Reddit,0,1,1,1,1,0,1,0,1,0,0,0,0,1,4.59511985013459,1,health_wellbeing,personal_situated,2_clear_stated_preference,3_vulnerable_or_intimate_disclosure
reddit_579,Reddit,0,1,1,1,1,0,1,1,0,0,1,0,0,0,6.154858094016418,1,legal_bureaucratic,personal_situated,1_weak_or_implicit_preference,2_personal_difficulty_or_preference
reddit_580,Reddit,0,1,1,1,1,0,1,0,0,0,1,0,1,1,5.153291594497779,1,finance_business,personal_situated,1_weak_or_implicit_preference,3_vulnerable_or_intimate_disclosure
reddit_581,Reddit,0,1,1,1,1,0,1,1,0,0,0,0,0,1,3.8918202981106265,0,finance_business,mixed,1_weak_or_implicit_preference,2_personal_difficulty_or_preference
reddit_582,Reddit,0,1,1,1,1,0,1,0,0,0,0,0,1,1,6.1092475827643655,1,relationship_social,personal_situated,1_weak_or_implicit_preference,3_vulnerable_or_intimate_disclosure
reddit_583,Reddit,0,0,1,0,1,0,1,1,0,0,0,0,0,0,3.5263605246161616,1,relationship_social,personal_situated,0_no_stated_preference,2_personal_difficulty_or_preference
reddit_584,Reddit,0,1,1,0,1,1,0,1,0,0,1,0,0,0,4.820281565605037,1,health_wellbeing,personal_situated,0_no_stated_preference,1_factual_context
reddit_585,Reddit,0,0,1,1,1,0,1,0,0,0,1,0,0,0,3.7612001156935624,1,career_work,mixed,2_clear_stated_preference,2_personal_difficulty_or_preference
reddit_586,Reddit,0,1,1,0,1,0,1,1,0,0,0,0,0,1,5.278114659230517,1,relationship_social,personal_situated,2_clear_stated_preference,2_personal_difficulty_or_preference
reddit_587,Reddit,0,1,1,0,1,0,1,0,0,0,0,0,0,0,4.127134385045092,1,daily_life_practical,personal_situated,0_no_stated_preference,1_factual_context
reddit_588,Reddit,0,1,1,1,0,0,1,1,0,0,0,0,0,0,4.23410650459726,1,education_application,personal_situated,1_weak_or_implicit_preference,2_personal_difficulty_or_preference
reddit_589,Reddit,0,1,1,1,1,0,1,1,0,0,0,0,0,1,6.077642243349034,1,education_application,personal_situated,1_weak_or_implicit_preference,2_personal_difficulty_or_preference
reddit_590,Reddit,0,1,1,1,1,0,1,1,0,0,0,0,0,0,5.337538079701318,1,relationship_social,personal_situated,1_weak_or_implicit_preference,2_personal_difficulty_or_preference
reddit_591,Reddit,0,1,1,1,1,0,1,1,0,0,1,0,0,1,6.163314804034641,1,relationship_social,personal_situated,2_clear_stated_preference,3_vulnerable_or_intimate_disclosure
reddit_592,Reddit,0,1,1,1,0,0,1,0,0,0,1,0,0,0,5.700443573390687,1,education_application,personal_situated,1_weak_or_implicit_preference,2_personal_difficulty_or_preference
reddit_593,Reddit,0,1,1,1,1,0,1,0,0,0,0,0,0,1,4.477336814478207,1,relationship_social,personal_situated,1_weak_or_implicit_preference,2_personal_difficulty_or_preference
reddit_594,Reddit,0,1,1,1,1,0,0,0,1,0,0,0,0,1,4.653960350157523,1,health_wellbeing,personal_situated,2_clear_stated_preference,2_personal_difficulty_or_preference
reddit_595,Reddit,0,1,1,0,0,0,0,0,0,0,0,0,0,0,4.04305126783455,1,daily_life_practical,personal_situated,1_weak_or_implicit_preference,1_factual_context
reddit_596,Reddit,0,1,1,1,1,0,0,0,0,0,0,0,0,1,4.74493212836325,1,health_wellbeing,personal_situated,2_clear_stated_preference,3_vulnerable_or_intimate_disclosure
reddit_597,Reddit,0,1,1,1,1,0,1,1,0,0,1,0,0,1,6.075346031088684,1,education_application,personal_situated,1_weak_or_implicit_preference,3_vulnerable_or_intimate_disclosure
reddit_598,Reddit,0,1,1,1,1,0,1,1,0,0,0,0,0,0,5.14166355650266,1,daily_life_practical,personal_situated,1_weak_or_implicit_preference,2_personal_difficulty_or_preference
reddit_599,Reddit,0,1,1,1,1,0,1,0,0,0,0,0,0,1,5.802118375377063,1,legal_bureaucratic,personal_situated,1_weak_or_implicit_preference,2_personal_difficulty_or_preference
reddit_600,Reddit,0,0,1,1,1,0,0,0,0,0,0,0,0,0,4.418840607796598,1,daily_life_practical,personal_situated,2_clear_stated_preference,2_personal_difficulty_or_preference
reddit_601,Reddit,0,1,1,0,1,0,0,1,0,0,0,0,0,0,4.356708826689592,1,daily_life_practical,personal_situated,1_weak_or_implicit_preference,1_factual_context
reddit_602,Reddit,0,1,1,1,1,0,1,1,0,0,0,0,0,1,6.480044561926653,1,daily_life_practical,personal_situated,0_no_stated_preference,3_vulnerable_or_intimate_disclosure
reddit_603,Reddit,0,1,1,0,1,0,1,0,0,0,1,0,0,0,4.454347296253507,1,relationship_social,personal_situated,1_weak_or_implicit_preference,2_personal_difficulty_or_preference
reddit_604,Reddit,0,1,1,1,1,0,1,0,1,0,0,0,0,1,6.421622267806518,1,family,personal_situated,2_clear_stated_preference,3_vulnerable_or_intimate_disclosure
reddit_605,Reddit,0,1,1,1,1,1,1,1,0,0,1,0,0,1,6.57507584059962,1,family,personal_situated,2_clear_stated_preference,3_vulnerable_or_intimate_disclosure
reddit_606,Reddit,0,1,1,1,1,0,1,0,0,0,0,0,0,1,4.941642422609304,1,family,personal_situated,1_weak_or_implicit_preference,2_personal_difficulty_or_preference
reddit_607,Reddit,0,1,1,1,1,1,0,0,0,0,1,0,0,0,4.852030263919617,1,relationship_social,personal_situated,2_clear_stated_preference,2_personal_difficulty_or_preference
reddit_608,Reddit,0,1,1,1,1,0,1,0,0,0,0,0,0,0,5.3230099791384085,1,relationship_social,personal_situated,1_weak_or_implicit_preference,2_personal_difficulty_or_preference
reddit_609,Reddit,0,1,1,1,1,1,1,1,0,0,0,0,0,1,5.327876168789581,1,relationship_social,personal_situated,2_clear_stated_preference,3_vulnerable_or_intimate_disclosure
reddit_610,Reddit,0,0,1,0,0,0,1,1,0,0,0,0,0,0,4.852030263919617,0,career_work,factual_informational,0_no_stated_preference,1_factual_context
reddit_611,Reddit,0,1,1,1,1,0,1,1,0,0,0,0,0,1,6.285998094508865,1,relationship_social,personal_situated,1_weak_or_implicit_preference,3_vulnerable_or_intimate_disclosure
reddit_612,Reddit,0,1,1,1,1,0,1,0,0,0,1,0,0,1,5.476463551931511,1,health_wellbeing,personal_situated,2_clear_stated_preference,3_vulnerable_or_intimate_disclosure
reddit_613,Reddit,0,1,1,1,1,0,1,0,0,0,0,0,0,1,6.016157159698354,1,relationship_social,personal_situated,1_weak_or_implicit_preference,2_personal_difficulty_or_preference
reddit_614,Reddit,0,1,1,1,1,0,0,0,0,0,0,0,0,1,4.852030263919617,1,relationship_social,personal_situated,2_clear_stated_preference,3_vulnerable_or_intimate_disclosure
reddit_615,Reddit,0,1,1,1,1,0,1,0,0,0,1,0,0,0,5.3981627015177525,1,relationship_social,personal_situated,1_weak_or_implicit_preference,2_personal_difficulty_or_preference
reddit_616,Reddit,0,1,1,1,1,1,1,0,0,0,1,1,0,1,4.553876891600541,1,relationship_social,personal_situated,2_clear_stated_preference,2_personal_difficulty_or_preference
reddit_617,Reddit,0,1,0,0,1,0,0,0,0,0,0,0,0,0,3.7376696182833684,0,daily_life_practical,factual_informational,0_no_stated_preference,0_minimal_or_no_disclosure
reddit_618,Reddit,0,1,1,0,1,0,1,1,0,0,0,0,0,0,4.204692619390966,1,relationship_social,personal_situated,0_no_stated_preference,1_factual_context
reddit_619,Reddit,0,1,1,1,1,1,1,1,0,0,1,1,0,1,6.089044875446846,1,career_work,personal_situated,2_clear_stated_preference,3_vulnerable_or_intimate_disclosure
reddit_620,Reddit,0,1,1,0,1,0,0,1,0,0,0,0,0,0,4.859812404361672,1,finance_business,personal_situated,2_clear_stated_preference,1_factual_context
reddit_621,Reddit,0,1,1,1,1,0,1,0,0,0,0,0,1,1,6.349138991379798,1,relationship_social,personal_situated,2_clear_stated_preference,3_vulnerable_or_intimate_disclosure
reddit_622,Reddit,0,1,1,1,1,0,0,1,0,0,0,0,0,0,5.3471075307174685,1,finance_business,personal_situated,2_clear_stated_preference,2_personal_difficulty_or_preference
reddit_623,Reddit,0,0,1,0,0,0,0,1,0,0,0,0,0,0,3.7376696182833684,0,legal_bureaucratic,factual_informational,0_no_stated_preference,1_factual_context
reddit_624,Reddit,0,1,1,1,1,0,1,0,0,0,1,0,0,1,5.840641657373398,1,career_work,personal_situated,2_clear_stated_preference,3_vulnerable_or_intimate_disclosure
reddit_625,Reddit,0,1,1,0,0,0,1,1,0,0,0,0,0,0,4.762173934797756,1,education_application,personal_situated,2_clear_stated_preference,1_factual_context
reddit_626,Reddit,0,1,1,1,1,1,1,0,0,0,1,0,0,1,6.630683385642372,1,relationship_social,personal_situated,1_weak_or_implicit_preference,2_personal_difficulty_or_preference
reddit_627,Reddit,0,1,1,1,1,0,0,1,0,0,0,0,0,1,4.990432586778736,1,health_wellbeing,personal_situated,1_weak_or_implicit_preference,3_vulnerable_or_intimate_disclosure
reddit_628,Reddit,0,1,1,0,0,0,1,1,0,0,1,0,0,0,5.10594547390058,1,career_work,mixed,2_clear_stated_preference,1_factual_context
reddit_629,Reddit,0,1,1,1,1,1,1,0,0,0,1,0,0,0,4.8283137373023015,1,relationship_social,personal_situated,1_weak_or_implicit_preference,2_personal_difficulty_or_preference
reddit_630,Reddit,0,1,1,1,1,0,1,0,0,0,0,0,0,1,4.672828834461906,1,relationship_social,personal_situated,2_clear_stated_preference,2_personal_difficulty_or_preference
reddit_631,Reddit,0,1,1,1,1,1,1,1,0,0,0,0,1,1,4.927253685157205,1,relationship_social,personal_situated,1_weak_or_implicit_preference,3_vulnerable_or_intimate_disclosure
reddit_632,Reddit,0,1,1,1,1,1,1,0,0,0,0,0,0,1,4.919980925828125,1,relationship_social,personal_situated,0_no_stated_preference,2_personal_difficulty_or_preference
reddit_633,Reddit,0,1,1,1,1,0,1,0,0,0,0,0,0,1,5.5254529391317835,1,health_wellbeing,personal_situated,2_clear_stated_preference,3_vulnerable_or_intimate_disclosure
reddit_634,Reddit,0,1,1,1,1,1,1,1,0,0,0,0,1,0,6.418364935936212,1,relationship_social,personal_situated,1_weak_or_implicit_preference,2_personal_difficulty_or_preference
reddit_635,Reddit,0,1,1,1,1,0,0,1,0,0,1,0,0,0,4.3694478524670215,1,relationship_social,personal_situated,2_clear_stated_preference,2_personal_difficulty_or_preference
reddit_636,Reddit,0,1,1,1,1,0,0,0,1,0,0,0,0,1,5.5909869805108565,1,health_wellbeing,personal_situated,1_weak_or_implicit_preference,3_vulnerable_or_intimate_disclosure
reddit_637,Reddit,0,1,1,1,1,1,1,0,0,0,1,0,0,0,5.961005339623274,1,family,personal_situated,2_clear_stated_preference,2_personal_difficulty_or_preference
reddit_638,Reddit,0,1,1,1,1,1,1,0,0,0,1,0,0,1,4.736198448394496,1,relationship_social,personal_situated,1_weak_or_implicit_preference,3_vulnerable_or_intimate_disclosure
reddit_639,Reddit,0,1,1,1,1,0,1,1,0,0,1,0,0,1,5.82600010738045,1,family,personal_situated,2_clear_stated_preference,3_vulnerable_or_intimate_disclosure
reddit_640,Reddit,0,1,1,1,1,0,1,1,0,0,1,0,0,1,5.375278407684165,1,family,personal_situated,2_clear_stated_preference,3_vulnerable_or_intimate_disclosure
reddit_641,Reddit,0,1,1,1,1,0,0,0,0,0,0,0,0,0,4.912654885736052,1,finance_business,personal_situated,0_no_stated_preference,2_personal_difficulty_or_preference
reddit_642,Reddit,0,1,1,1,1,0,0,1,0,0,1,0,0,0,5.736572297479192,1,legal_bureaucratic,personal_situated,2_clear_stated_preference,2_personal_difficulty_or_preference
reddit_643,Reddit,0,1,1,1,1,1,1,1,0,0,1,1,0,0,6.478509642208569,1,finance_business,personal_situated,2_clear_stated_preference,2_personal_difficulty_or_preference
reddit_644,Reddit,0,1,1,1,1,1,0,1,0,0,1,1,0,1,5.697093486505405,1,relationship_social,personal_situated,2_clear_stated_preference,2_personal_difficulty_or_preference
reddit_645,Reddit,0,1,1,1,1,0,1,0,0,0,0,0,1,1,5.638354669333745,1,relationship_social,personal_situated,1_weak_or_implicit_preference,3_vulnerable_or_intimate_disclosure
reddit_646,Reddit,0,1,1,1,1,0,0,1,0,0,0,0,0,1,5.998936561946683,1,career_work,personal_situated,2_clear_stated_preference,2_personal_difficulty_or_preference
reddit_647,Reddit,0,0,1,1,1,0,0,1,0,0,0,0,0,1,4.762173934797756,1,health_wellbeing,personal_situated,2_clear_stated_preference,3_vulnerable_or_intimate_disclosure
reddit_648,Reddit,0,1,1,0,1,0,0,1,0,0,1,0,0,0,4.143134726391533,1,career_work,personal_situated,0_no_stated_preference,2_personal_difficulty_or_preference
reddit_649,Reddit,0,1,1,0,1,0,0,1,0,0,0,0,1,1,6.5998704992128365,1,relationship_social,personal_situated,2_clear_stated_preference,2_personal_difficulty_or_preference
reddit_650,Reddit,0,1,1,1,1,0,1,0,1,0,1,0,0,0,4.976733742420574,1,relationship_social,personal_situated,2_clear_stated_preference,2_personal_difficulty_or_preference
reddit_651,Reddit,0,1,1,1,1,0,1,1,1,0,0,0,0,1,6.175867270105761,1,career_work,personal_situated,1_weak_or_implicit_preference,2_personal_difficulty_or_preference
reddit_652,Reddit,0,0,1,0,1,0,0,1,0,0,1,0,0,0,4.77912349311153,0,finance_business,mixed,0_no_stated_preference,1_factual_context
reddit_653,Reddit,0,1,1,1,1,0,1,0,0,0,1,0,0,0,4.727387818712341,1,relationship_social,personal_situated,2_clear_stated_preference,2_personal_difficulty_or_preference
reddit_654,Reddit,0,1,1,1,1,1,1,0,0,0,1,0,0,1,4.499809670330265,1,career_work,personal_situated,2_clear_stated_preference,2_personal_difficulty_or_preference
reddit_655,Reddit,0,1,1,1,1,0,1,0,0,0,0,0,1,1,5.739792912179234,1,relationship_social,personal_situated,2_clear_stated_preference,3_vulnerable_or_intimate_disclosure
reddit_656,Reddit,0,0,1,1,1,0,0,0,0,0,0,0,0,0,4.927253685157205,1,daily_life_practical,mixed,2_clear_stated_preference,2_personal_difficulty_or_preference
reddit_657,Reddit,0,1,1,1,1,0,1,0,0,0,0,0,0,0,5.605802066295998,1,legal_bureaucratic,personal_situated,2_clear_stated_preference,2_personal_difficulty_or_preference
reddit_658,Reddit,0,1,1,0,1,1,1,0,1,0,1,1,0,0,4.406719247264253,1,health_wellbeing,mixed,2_clear_stated_preference,2_personal_difficulty_or_preference
reddit_659,Reddit,0,1,1,1,1,0,1,0,1,0,0,0,1,1,6.003887067106539,1,career_work,personal_situated,2_clear_stated_preference,2_personal_difficulty_or_preference
reddit_660,Reddit,0,0,1,0,1,0,1,1,0,0,0,0,1,0,4.543294782270004,1,health_wellbeing,mixed,1_weak_or_implicit_preference,1_factual_context
reddit_661,Reddit,0,1,1,1,1,0,0,1,0,1,0,0,0,1,6.359573868672378,1,relationship_social,personal_situated,2_clear_stated_preference,3_vulnerable_or_intimate_disclosure
reddit_662,Reddit,0,1,1,1,1,0,1,0,1,0,1,0,0,1,5.697093486505405,1,education_application,personal_situated,1_weak_or_implicit_preference,3_vulnerable_or_intimate_disclosure
reddit_663,Reddit,0,1,1,1,1,0,1,0,0,0,1,0,0,0,4.48863636973214,1,legal_bureaucratic,personal_situated,0_no_stated_preference,2_personal_difficulty_or_preference
reddit_664,Reddit,0,1,1,1,1,1,1,0,0,0,0,1,0,1,6.214608098422191,1,family,personal_situated,2_clear_stated_preference,3_vulnerable_or_intimate_disclosure
reddit_665,Reddit,0,1,1,1,1,0,1,0,0,0,0,0,0,1,5.19295685089021,1,education_application,personal_situated,1_weak_or_implicit_preference,2_personal_difficulty_or_preference
reddit_666,Reddit,0,1,1,1,1,0,1,1,0,0,1,0,0,1,5.176149732573829,1,relationship_social,personal_situated,1_weak_or_implicit_preference,3_vulnerable_or_intimate_disclosure
reddit_667,Reddit,0,1,1,1,1,0,1,1,0,0,0,0,0,0,5.187385805840755,1,relationship_social,personal_situated,1_weak_or_implicit_preference,2_personal_difficulty_or_preference
reddit_668,Reddit,0,1,1,0,0,0,0,1,0,0,0,0,0,0,4.574710978503383,0,creative,factual_informational,1_weak_or_implicit_preference,1_factual_context
reddit_669,Reddit,0,1,1,0,1,0,1,1,0,0,0,0,0,0,4.499809670330265,1,family,personal_situated,1_weak_or_implicit_preference,1_factual_context
reddit_670,Reddit,0,1,1,1,1,1,0,0,0,0,1,1,0,0,4.564348191467836,1,family,personal_situated,1_weak_or_implicit_preference,2_personal_difficulty_or_preference
reddit_671,Reddit,0,1,1,1,1,0,0,0,0,0,1,0,0,1,4.68213122712422,1,daily_life_practical,personal_situated,2_clear_stated_preference,2_personal_difficulty_or_preference
reddit_672,Reddit,0,1,1,0,1,0,0,0,0,0,0,0,0,0,4.07753744390572,1,relationship_social,personal_situated,0_no_stated_preference,2_personal_difficulty_or_preference
reddit_673,Reddit,0,1,1,1,1,1,1,0,0,0,1,1,0,1,5.41610040220442,1,family,personal_situated,2_clear_stated_preference,2_personal_difficulty_or_preference
reddit_674,Reddit,0,0,1,1,1,0,0,1,0,0,0,0,0,0,5.82600010738045,1,legal_bureaucratic,personal_situated,2_clear_stated_preference,1_factual_context
reddit_675,Reddit,0,1,1,1,1,0,1,1,0,0,1,0,0,0,6.20050917404269,1,relationship_social,personal_situated,2_clear_stated_preference,2_personal_difficulty_or_preference
reddit_676,Reddit,0,1,1,1,1,1,1,1,0,0,0,0,0,1,5.4638318050256105,1,relationship_social,personal_situated,2_clear_stated_preference,2_personal_difficulty_or_preference
reddit_677,Reddit,0,1,1,1,1,0,1,1,0,0,0,0,0,0,4.31748811353631,0,relationship_social,mixed,0_no_stated_preference,2_personal_difficulty_or_preference
reddit_678,Reddit,0,1,1,1,1,0,1,1,0,1,0,0,0,1,6.068425588244111,1,health_wellbeing,personal_situated,2_clear_stated_preference,3_vulnerable_or_intimate_disclosure
reddit_679,Reddit,0,1,1,0,1,0,1,1,0,0,0,0,1,0,5.8664680569332965,1,relationship_social,personal_situated,1_weak_or_implicit_preference,2_personal_difficulty_or_preference
reddit_680,Reddit,0,1,1,1,1,0,1,0,1,0,0,0,0,1,6.663132695990803,1,health_wellbeing,personal_situated,1_weak_or_implicit_preference,3_vulnerable_or_intimate_disclosure
reddit_681,Reddit,0,1,1,1,1,0,0,0,0,0,1,0,0,1,4.852030263919617,1,daily_life_practical,mixed,0_no_stated_preference,2_personal_difficulty_or_preference
reddit_682,Reddit,0,1,1,1,1,0,1,1,0,0,0,0,1,1,5.713732805509369,1,education_application,personal_situated,1_weak_or_implicit_preference,2_personal_difficulty_or_preference
reddit_683,Reddit,0,1,1,0,0,0,1,0,0,0,0,0,0,0,3.912023005428146,1,finance_business,personal_situated,0_no_stated_preference,2_personal_difficulty_or_preference
reddit_684,Reddit,0,1,1,1,1,0,1,0,0,0,0,0,0,0,5.247024072160486,1,relationship_social,personal_situated,1_weak_or_implicit_preference,2_personal_difficulty_or_preference
reddit_685,Reddit,0,1,1,1,0,0,1,0,1,0,0,0,1,1,4.574710978503383,1,education_application,personal_situated,0_no_stated_preference,2_personal_difficulty_or_preference
reddit_686,Reddit,0,1,1,1,0,0,1,1,0,0,0,0,1,1,4.532599493153256,1,education_application,personal_situated,1_weak_or_implicit_preference,2_personal_difficulty_or_preference
reddit_687,Reddit,0,1,1,1,1,1,1,0,0,0,0,0,0,1,5.783825182329737,1,family,personal_situated,1_weak_or_implicit_preference,3_vulnerable_or_intimate_disclosure
reddit_688,Reddit,0,1,1,1,1,0,0,0,0,0,1,0,0,0,5.7430031878094825,1,career_work,personal_situated,0_no_stated_preference,2_personal_difficulty_or_preference
reddit_689,Reddit,0,1,1,1,1,1,1,0,0,0,0,0,1,1,5.846438775057725,1,relationship_social,personal_situated,1_weak_or_implicit_preference,2_personal_difficulty_or_preference
reddit_690,Reddit,0,1,1,1,1,1,1,0,0,0,1,0,0,0,5.198497031265826,1,career_work,personal_situated,2_clear_stated_preference,2_personal_difficulty_or_preference
reddit_691,Reddit,0,1,1,1,1,0,0,0,1,0,1,0,0,1,5.634789603169249,1,health_wellbeing,personal_situated,2_clear_stated_preference,3_vulnerable_or_intimate_disclosure
reddit_692,Reddit,0,0,1,1,1,0,1,0,0,0,0,0,0,1,5.5909869805108565,1,health_wellbeing,personal_situated,0_no_stated_preference,2_personal_difficulty_or_preference
reddit_693,Reddit,0,1,1,0,1,0,1,1,0,0,0,0,0,1,5.631211781821365,1,relationship_social,personal_situated,1_weak_or_implicit_preference,3_vulnerable_or_intimate_disclosure
reddit_694,Reddit,0,1,1,0,1,0,0,0,0,0,0,0,0,0,3.8501476017100584,1,relationship_social,personal_situated,2_clear_stated_preference,1_factual_context
reddit_695,Reddit,0,1,1,1,1,0,1,1,0,0,0,0,1,1,6.137727054086234,1,relationship_social,personal_situated,2_clear_stated_preference,3_vulnerable_or_intimate_disclosure
reddit_696,Reddit,0,1,1,0,1,0,1,0,0,0,0,0,0,0,4.532599493153256,1,daily_life_practical,personal_situated,1_weak_or_implicit_preference,1_factual_context
reddit_697,Reddit,0,1,1,1,1,0,1,0,0,0,1,0,0,1,6.184148890937483,1,career_work,personal_situated,2_clear_stated_preference,2_personal_difficulty_or_preference
reddit_698,Reddit,0,1,1,1,1,0,0,0,0,0,1,0,0,1,4.882801922586371,1,relationship_social,personal_situated,2_clear_stated_preference,3_vulnerable_or_intimate_disclosure
reddit_699,Reddit,0,1,1,0,1,1,1,0,0,0,1,0,0,1,4.127134385045092,1,relationship_social,personal_situated,1_weak_or_implicit_preference,2_personal_difficulty_or_preference
reddit_700,Reddit,0,1,1,0,0,0,1,1,0,0,0,0,0,0,4.0943445622221,1,career_work,personal_situated,1_weak_or_implicit_preference,1_factual_context
reddit_701,Reddit,0,1,1,1,1,0,1,0,0,0,0,0,0,0,4.6443908991413725,1,relationship_social,personal_situated,1_weak_or_implicit_preference,2_personal_difficulty_or_preference
reddit_702,Reddit,0,1,1,0,1,0,1,1,0,0,0,0,0,0,5.351858133476067,1,health_wellbeing,personal_situated,0_no_stated_preference,1_factual_context
reddit_703,Reddit,0,1,1,1,0,0,1,0,1,0,0,0,0,1,4.68213122712422,1,legal_bureaucratic,personal_situated,1_weak_or_implicit_preference,3_vulnerable_or_intimate_disclosure
reddit_704,Reddit,0,1,1,1,1,0,1,0,0,0,0,0,0,0,4.912654885736052,1,relationship_social,personal_situated,2_clear_stated_preference,2_personal_difficulty_or_preference
reddit_705,Reddit,0,0,1,1,0,0,0,0,1,0,0,0,0,0,4.5217885770490405,1,finance_business,personal_situated,2_clear_stated_preference,2_personal_difficulty_or_preference
reddit_706,Reddit,0,1,1,1,1,0,1,1,0,0,0,0,1,1,5.288267030694535,1,health_wellbeing,personal_situated,0_no_stated_preference,3_vulnerable_or_intimate_disclosure
reddit_707,Reddit,0,1,1,1,1,0,0,0,0,0,1,0,0,0,5.043425116919247,1,family,personal_situated,1_weak_or_implicit_preference,2_personal_difficulty_or_preference
reddit_708,Reddit,0,1,1,0,0,0,1,1,0,0,0,0,0,0,5.337538079701318,1,technical_digital,personal_situated,1_weak_or_implicit_preference,1_factual_context
reddit_709,Reddit,0,0,1,1,0,0,0,1,0,0,0,0,0,0,4.356708826689592,1,health_wellbeing,mixed,0_no_stated_preference,2_personal_difficulty_or_preference
reddit_710,Reddit,0,1,1,1,1,0,1,1,0,0,0,0,1,1,6.19644412779452,1,education_application,personal_situated,2_clear_stated_preference,2_personal_difficulty_or_preference
reddit_711,Reddit,0,1,1,1,1,0,1,0,0,0,1,0,0,1,4.804021044733257,1,relationship_social,personal_situated,2_clear_stated_preference,3_vulnerable_or_intimate_disclosure
reddit_712,Reddit,0,1,1,1,0,0,1,0,1,0,0,0,1,0,3.784189633918261,1,daily_life_practical,personal_situated,1_weak_or_implicit_preference,2_personal_difficulty_or_preference
reddit_713,Reddit,0,1,1,1,1,0,0,1,0,0,1,0,0,0,4.941642422609304,1,daily_life_practical,personal_situated,2_clear_stated_preference,2_personal_difficulty_or_preference
reddit_714,Reddit,0,1,1,1,1,1,0,0,0,0,1,0,1,1,5.472270673671475,1,relationship_social,personal_situated,2_clear_stated_preference,3_vulnerable_or_intimate_disclosure
reddit_715,Reddit,0,1,1,0,1,0,1,1,0,0,0,0,0,0,5.049856007249537,1,career_work,personal_situated,2_clear_stated_preference,2_personal_difficulty_or_preference
reddit_716,Reddit,0,1,1,1,1,0,1,1,1,0,0,0,1,1,4.882801922586371,1,relationship_social,personal_situated,1_weak_or_implicit_preference,3_vulnerable_or_intimate_disclosure
reddit_717,Reddit,0,1,1,1,1,0,1,1,0,0,0,0,1,1,6.175867270105761,1,career_work,personal_situated,1_weak_or_implicit_preference,3_vulnerable_or_intimate_disclosure
reddit_718,Reddit,0,1,1,1,1,0,1,0,1,0,1,0,1,1,5.616771097666572,1,education_application,personal_situated,1_weak_or_implicit_preference,3_vulnerable_or_intimate_disclosure
reddit_719,Reddit,0,1,1,1,1,0,1,0,0,0,0,0,1,1,4.564348191467836,1,family,personal_situated,1_weak_or_implicit_preference,2_personal_difficulty_or_preference
reddit_720,Reddit,0,1,1,1,1,1,1,1,1,0,0,0,0,1,5.225746673713202,1,relationship_social,personal_situated,2_clear_stated_preference,3_vulnerable_or_intimate_disclosure
reddit_721,Reddit,0,1,1,1,1,0,1,0,0,0,1,0,0,0,5.971261839790462,1,relationship_social,personal_situated,2_clear_stated_preference,2_personal_difficulty_or_preference
reddit_722,Reddit,0,1,1,1,1,0,1,0,1,0,1,0,0,1,5.5093883366279774,1,relationship_social,personal_situated,1_weak_or_implicit_preference,3_vulnerable_or_intimate_disclosure
reddit_723,Reddit,0,1,1,1,1,0,1,1,0,0,0,0,0,0,5.247024072160486,1,relationship_social,personal_situated,2_clear_stated_preference,2_personal_difficulty_or_preference
reddit_724,Reddit,0,1,1,1,1,0,1,1,0,0,0,0,0,1,6.3561076606958915,1,finance_business,personal_situated,1_weak_or_implicit_preference,2_personal_difficulty_or_preference
reddit_725,Reddit,0,0,1,0,1,0,1,1,0,0,0,0,0,0,5.998936561946683,1,legal_bureaucratic,mixed,2_clear_stated_preference,1_factual_context
reddit_726,Reddit,0,0,1,0,1,0,0,1,0,0,0,0,0,0,5.262690188904886,1,daily_life_practical,personal_situated,2_clear_stated_preference,2_personal_difficulty_or_preference
reddit_727,Reddit,0,1,1,1,1,1,0,0,0,0,1,0,0,1,4.007333185232471,1,relationship_social,personal_situated,2_clear_stated_preference,3_vulnerable_or_intimate_disclosure
reddit_728,Reddit,0,1,1,0,1,1,0,0,0,0,1,0,0,1,5.262690188904886,1,relationship_social,personal_situated,2_clear_stated_preference,2_personal_difficulty_or_preference
reddit_729,Reddit,0,1,1,1,1,0,0,0,1,0,1,0,0,0,5.723585101952381,1,relationship_social,personal_situated,2_clear_stated_preference,2_personal_difficulty_or_preference
reddit_730,Reddit,0,1,1,1,1,0,1,1,0,0,0,0,0,0,5.771441123130016,1,education_application,personal_situated,1_weak_or_implicit_preference,2_personal_difficulty_or_preference
reddit_731,Reddit,0,1,1,1,1,0,1,0,1,0,0,0,0,1,6.270988431858299,1,family,personal_situated,2_clear_stated_preference,3_vulnerable_or_intimate_disclosure
reddit_732,Reddit,0,1,1,1,1,0,1,0,1,0,0,0,0,1,5.82600010738045,1,relationship_social,personal_situated,2_clear_stated_preference,3_vulnerable_or_intimate_disclosure
reddit_733,Reddit,0,1,1,1,1,0,1,0,0,0,0,0,1,0,4.31748811353631,1,relationship_social,personal_situated,1_weak_or_implicit_preference,2_personal_difficulty_or_preference
reddit_734,Reddit,0,1,1,0,1,1,1,1,0,0,1,0,0,0,3.8918202981106265,1,relationship_social,personal_situated,1_weak_or_implicit_preference,2_personal_difficulty_or_preference
reddit_735,Reddit,0,1,1,1,0,0,1,1,0,0,0,0,0,1,5.777652323222656,1,daily_life_practical,mixed,1_weak_or_implicit_preference,2_personal_difficulty_or_preference
reddit_736,Reddit,0,1,1,1,1,0,0,1,0,0,0,0,0,1,5.3471075307174685,1,health_wellbeing,personal_situated,2_clear_stated_preference,3_vulnerable_or_intimate_disclosure
reddit_737,Reddit,0,1,1,1,0,0,0,0,0,0,0,0,0,1,5.236441962829949,1,daily_life_practical,personal_situated,1_weak_or_implicit_preference,2_personal_difficulty_or_preference
reddit_738,Reddit,0,1,1,1,1,0,1,1,0,0,0,0,0,1,5.6131281063880705,1,relationship_social,personal_situated,0_no_stated_preference,3_vulnerable_or_intimate_disclosure
reddit_739,Reddit,0,0,1,1,0,0,1,0,0,0,0,0,0,0,4.7535901911063645,1,career_work,personal_situated,2_clear_stated_preference,2_personal_difficulty_or_preference
reddit_740,Reddit,0,1,1,1,1,0,1,0,0,0,1,0,1,0,5.921578419643816,1,relationship_social,personal_situated,2_clear_stated_preference,2_personal_difficulty_or_preference
reddit_741,Reddit,0,1,1,1,1,0,1,0,1,0,1,0,0,1,5.8664680569332965,1,daily_life_practical,personal_situated,1_weak_or_implicit_preference,2_personal_difficulty_or_preference
reddit_742,Reddit,0,1,1,1,1,0,1,1,0,0,0,0,0,0,4.3694478524670215,1,relationship_social,personal_situated,1_weak_or_implicit_preference,2_personal_difficulty_or_preference
reddit_743,Reddit,0,0,1,1,1,0,1,1,0,0,0,0,1,1,4.919980925828125,1,relationship_social,personal_situated,1_weak_or_implicit_preference,3_vulnerable_or_intimate_disclosure
reddit_744,Reddit,0,0,1,0,1,0,1,1,0,0,0,0,0,0,5.3471075307174685,1,family,personal_situated,1_weak_or_implicit_preference,1_factual_context
reddit_745,Reddit,0,1,1,1,1,0,1,1,0,0,0,0,0,1,5.82600010738045,1,career_work,personal_situated,2_clear_stated_preference,2_personal_difficulty_or_preference
reddit_746,Reddit,0,1,1,1,1,0,1,0,0,0,1,0,0,1,6.684611727667927,1,relationship_social,personal_situated,2_clear_stated_preference,3_vulnerable_or_intimate_disclosure
reddit_747,Reddit,0,1,1,0,1,0,0,1,0,0,0,0,0,0,5.602118820879701,0,creative,factual_informational,2_clear_stated_preference,1_factual_context
reddit_748,Reddit,0,1,1,1,1,0,1,0,1,0,0,0,0,1,4.962844630259907,1,relationship_social,personal_situated,1_weak_or_implicit_preference,3_vulnerable_or_intimate_disclosure
reddit_749,Reddit,0,1,1,1,1,0,1,0,0,0,1,0,1,1,4.762173934797756,1,relationship_social,personal_situated,2_clear_stated_preference,2_personal_difficulty_or_preference
reddit_750,Reddit,0,1,1,1,1,0,1,0,0,0,1,0,0,1,5.3706380281276624,1,relationship_social,personal_situated,2_clear_stated_preference,2_personal_difficulty_or_preference
reddit_751,Reddit,0,1,1,1,1,0,1,1,0,0,1,0,0,1,6.186208623900494,1,health_wellbeing,personal_situated,1_weak_or_implicit_preference,3_vulnerable_or_intimate_disclosure
reddit_752,Reddit,0,1,1,1,1,0,0,1,0,0,1,0,0,0,5.765191102784844,1,family,personal_situated,2_clear_stated_preference,2_personal_difficulty_or_preference
reddit_753,Reddit,0,1,1,1,0,0,0,0,0,0,1,0,0,0,4.430816798843313,1,education_application,personal_situated,2_clear_stated_preference,2_personal_difficulty_or_preference
reddit_754,Reddit,0,1,1,1,1,1,1,0,0,0,0,0,0,1,5.739792912179234,1,daily_life_practical,personal_situated,2_clear_stated_preference,2_personal_difficulty_or_preference
reddit_755,Reddit,0,1,1,1,1,0,1,0,0,0,1,0,0,0,5.231108616854587,1,finance_business,personal_situated,2_clear_stated_preference,2_personal_difficulty_or_preference
reddit_756,Reddit,0,1,1,1,1,0,0,1,0,0,0,0,1,0,5.236441962829949,1,daily_life_practical,personal_situated,2_clear_stated_preference,2_personal_difficulty_or_preference
reddit_757,Reddit,0,1,1,1,1,0,1,1,0,0,0,0,0,0,5.6937321388027,1,career_work,personal_situated,1_weak_or_implicit_preference,2_personal_difficulty_or_preference
reddit_758,Reddit,0,0,1,0,1,0,0,1,0,0,1,0,0,0,5.214935757608986,1,career_work,mixed,2_clear_stated_preference,2_personal_difficulty_or_preference
reddit_759,Reddit,0,1,1,0,0,0,0,0,0,0,0,0,0,0,4.356708826689592,1,career_work,mixed,2_clear_stated_preference,1_factual_context
reddit_760,Reddit,0,1,1,1,1,1,1,1,0,0,0,0,0,1,5.940171252720432,1,family,personal_situated,2_clear_stated_preference,3_vulnerable_or_intimate_disclosure
reddit_761,Reddit,0,1,1,1,1,1,0,0,0,0,1,0,0,0,5.849324779946859,1,career_work,personal_situated,2_clear_stated_preference,2_personal_difficulty_or_preference
reddit_762,Reddit,0,1,1,0,0,0,0,1,0,0,0,0,0,0,5.043425116919247,0,career_work,mixed,2_clear_stated_preference,1_factual_context
reddit_763,Reddit,0,1,1,1,1,0,1,0,0,0,1,0,0,1,6.0473721790462776,1,career_work,personal_situated,2_clear_stated_preference,3_vulnerable_or_intimate_disclosure
reddit_764,Reddit,0,0,1,0,1,1,0,1,0,0,0,1,0,0,4.804021044733257,1,career_work,mixed,2_clear_stated_preference,2_personal_difficulty_or_preference
reddit_765,Reddit,0,1,1,1,1,0,1,1,0,0,0,0,0,1,5.501258210544727,1,education_application,personal_situated,2_clear_stated_preference,3_vulnerable_or_intimate_disclosure
reddit_766,Reddit,0,1,1,1,1,0,1,0,0,0,0,0,1,1,5.6131281063880705,1,career_work,personal_situated,1_weak_or_implicit_preference,2_personal_difficulty_or_preference
reddit_767,Reddit,0,1,1,1,1,0,1,0,0,0,1,0,0,0,4.564348191467836,1,relationship_social,personal_situated,2_clear_stated_preference,2_personal_difficulty_or_preference
reddit_768,Reddit,0,1,1,1,1,1,1,0,0,0,1,0,0,1,5.777652323222656,1,relationship_social,personal_situated,2_clear_stated_preference,3_vulnerable_or_intimate_disclosure
reddit_769,Reddit,0,1,1,1,1,0,1,0,1,0,0,0,0,1,5.3981627015177525,1,health_wellbeing,personal_situated,2_clear_stated_preference,3_vulnerable_or_intimate_disclosure
reddit_770,Reddit,0,1,1,1,1,0,1,0,0,0,0,0,0,1,4.804021044733257,1,relationship_social,personal_situated,1_weak_or_implicit_preference,3_vulnerable_or_intimate_disclosure
reddit_771,Reddit,0,1,1,1,1,0,1,0,1,0,1,0,1,1,5.910796644040527,1,family,personal_situated,2_clear_stated_preference,3_vulnerable_or_intimate_disclosure
reddit_772,Reddit,0,1,1,1,1,0,0,0,0,0,1,0,0,1,5.049856007249537,1,health_wellbeing,personal_situated,2_clear_stated_preference,3_vulnerable_or_intimate_disclosure
reddit_773,Reddit,0,1,1,0,1,0,1,0,0,0,0,0,0,0,4.406719247264253,1,relationship_social,personal_situated,2_clear_stated_preference,1_factual_context
reddit_774,Reddit,0,1,1,1,1,0,1,0,0,0,0,0,0,1,5.905361848054571,1,career_work,personal_situated,2_clear_stated_preference,3_vulnerable_or_intimate_disclosure
reddit_775,Reddit,0,1,1,1,1,0,1,0,1,0,0,0,0,1,6.066108090103747,1,career_work,personal_situated,1_weak_or_implicit_preference,3_vulnerable_or_intimate_disclosure
reddit_776,Reddit,0,1,1,0,0,0,0,0,0,0,1,0,0,0,3.9889840465642745,1,health_wellbeing,personal_situated,2_clear_stated_preference,2_personal_difficulty_or_preference
reddit_777,Reddit,0,1,1,1,1,0,0,0,0,0,1,0,0,0,4.31748811353631,1,relationship_social,personal_situated,2_clear_stated_preference,2_personal_difficulty_or_preference
reddit_778,Reddit,0,1,1,0,1,0,1,1,0,0,1,0,0,0,5.214935757608986,1,creative,mixed,2_clear_stated_preference,1_factual_context
reddit_779,Reddit,0,1,1,1,1,1,1,0,0,0,1,0,0,0,4.23410650459726,1,relationship_social,personal_situated,0_no_stated_preference,2_personal_difficulty_or_preference
reddit_780,Reddit,0,1,1,1,1,0,1,0,1,0,1,0,0,1,5.91350300563827,1,health_wellbeing,personal_situated,2_clear_stated_preference,3_vulnerable_or_intimate_disclosure
reddit_781,Reddit,0,0,1,0,0,0,1,0,0,0,0,0,0,0,4.127134385045092,0,career_work,factual_informational,2_clear_stated_preference,1_factual_context
reddit_782,Reddit,0,1,1,1,1,0,1,1,0,0,0,0,1,1,6.115892125483034,1,family,personal_situated,1_weak_or_implicit_preference,3_vulnerable_or_intimate_disclosure
reddit_783,Reddit,0,1,1,1,1,0,1,1,0,0,0,0,0,0,4.852030263919617,1,education_application,personal_situated,2_clear_stated_preference,2_personal_difficulty_or_preference
reddit_784,Reddit,0,1,1,1,1,0,1,0,0,0,1,0,0,0,4.912654885736052,1,education_application,personal_situated,2_clear_stated_preference,2_personal_difficulty_or_preference
reddit_785,Reddit,0,1,1,1,1,0,1,0,1,0,1,0,0,1,4.859812404361672,1,health_wellbeing,personal_situated,1_weak_or_implicit_preference,3_vulnerable_or_intimate_disclosure
reddit_786,Reddit,0,1,1,0,0,0,1,1,0,0,0,0,0,0,3.8501476017100584,1,education_application,personal_situated,1_weak_or_implicit_preference,1_factual_context
reddit_787,Reddit,0,1,1,0,1,1,1,1,0,0,0,0,0,0,5.187385805840755,1,relationship_social,personal_situated,2_clear_stated_preference,2_personal_difficulty_or_preference
reddit_788,Reddit,0,1,1,1,1,1,1,0,0,0,1,0,0,0,4.762173934797756,1,relationship_social,personal_situated,2_clear_stated_preference,2_personal_difficulty_or_preference
reddit_789,Reddit,0,1,1,1,1,0,0,0,0,0,1,0,0,0,5.950642552587727,1,relationship_social,personal_situated,2_clear_stated_preference,2_personal_difficulty_or_preference
reddit_790,Reddit,0,1,1,1,1,0,1,0,1,0,1,0,0,1,4.672828834461906,1,health_wellbeing,personal_situated,2_clear_stated_preference,3_vulnerable_or_intimate_disclosure
reddit_791,Reddit,0,1,1,1,1,0,1,0,0,0,0,0,0,1,6.129050210060545,1,family,personal_situated,2_clear_stated_preference,3_vulnerable_or_intimate_disclosure
reddit_792,Reddit,0,1,1,1,1,1,1,0,0,0,1,0,0,1,5.220355825078324,1,relationship_social,personal_situated,1_weak_or_implicit_preference,3_vulnerable_or_intimate_disclosure
reddit_793,Reddit,0,1,1,0,1,0,1,1,0,0,1,0,1,0,5.351858133476067,1,career_work,personal_situated,2_clear_stated_preference,2_personal_difficulty_or_preference
reddit_794,Reddit,0,1,1,1,1,0,0,0,0,0,1,0,0,1,5.267858159063328,1,daily_life_practical,personal_situated,2_clear_stated_preference,2_personal_difficulty_or_preference
reddit_795,Reddit,0,1,1,0,1,0,1,1,0,0,0,0,0,0,4.718498871295094,1,legal_bureaucratic,personal_situated,0_no_stated_preference,1_factual_context
reddit_796,Reddit,0,1,1,1,1,0,0,0,0,0,1,0,0,0,4.948759890378168,1,relationship_social,personal_situated,2_clear_stated_preference,2_personal_difficulty_or_preference
reddit_797,Reddit,0,1,1,1,1,1,1,0,0,0,0,0,1,1,5.940171252720432,1,relationship_social,personal_situated,2_clear_stated_preference,2_personal_difficulty_or_preference
reddit_798,Reddit,0,1,1,1,0,0,0,0,0,0,0,0,0,1,4.74493212836325,1,health_wellbeing,personal_situated,1_weak_or_implicit_preference,2_personal_difficulty_or_preference
reddit_799,Reddit,0,1,1,1,1,0,1,0,0,0,1,0,1,1,6.694562058521095,1,family,personal_situated,2_clear_stated_preference,3_vulnerable_or_intimate_disclosure
reddit_800,Reddit,0,1,1,0,1,0,0,1,0,0,0,0,0,0,4.48863636973214,1,daily_life_practical,mixed,1_weak_or_implicit_preference,1_factual_context
reddit_801,Reddit,0,0,1,0,1,0,0,0,0,0,0,0,0,0,4.127134385045092,0,daily_life_practical,factual_informational,2_clear_stated_preference,1_factual_context
reddit_802,Reddit,0,1,1,1,1,1,1,0,0,0,1,0,0,1,6.18826412308259,1,legal_bureaucratic,personal_situated,2_clear_stated_preference,3_vulnerable_or_intimate_disclosure
reddit_803,Reddit,0,1,1,1,1,0,0,0,0,0,1,0,0,1,5.204006687076795,1,finance_business,personal_situated,2_clear_stated_preference,3_vulnerable_or_intimate_disclosure
reddit_804,Reddit,0,1,1,1,1,0,1,0,1,0,1,0,0,1,6.270988431858299,1,family,personal_situated,1_weak_or_implicit_preference,3_vulnerable_or_intimate_disclosure
reddit_805,Reddit,0,1,1,0,1,0,0,0,0,0,0,0,0,0,4.605170185988092,1,relationship_social,personal_situated,2_clear_stated_preference,2_personal_difficulty_or_preference
reddit_806,Reddit,0,1,1,1,1,0,0,0,0,0,1,0,0,1,5.3230099791384085,1,relationship_social,personal_situated,1_weak_or_implicit_preference,2_personal_difficulty_or_preference
reddit_807,Reddit,0,1,1,1,1,0,1,0,0,0,0,0,0,0,5.926926025970411,1,family,personal_situated,2_clear_stated_preference,2_personal_difficulty_or_preference
reddit_808,Reddit,0,1,1,1,1,0,0,1,0,0,1,0,0,1,4.7535901911063645,1,education_application,personal_situated,2_clear_stated_preference,2_personal_difficulty_or_preference
reddit_809,Reddit,0,1,1,1,1,0,1,0,1,0,0,0,1,1,5.308267697401205,1,family,personal_situated,2_clear_stated_preference,3_vulnerable_or_intimate_disclosure
reddit_810,Reddit,0,1,1,1,1,0,1,1,0,0,1,0,0,0,4.356708826689592,1,health_wellbeing,personal_situated,1_weak_or_implicit_preference,2_personal_difficulty_or_preference
reddit_811,Reddit,0,1,1,1,0,0,1,0,1,0,0,0,0,1,4.248495242049359,1,health_wellbeing,personal_situated,0_no_stated_preference,2_personal_difficulty_or_preference
reddit_812,Reddit,0,1,1,1,1,0,0,1,0,0,0,0,0,1,6.602587892189336,1,family,personal_situated,2_clear_stated_preference,3_vulnerable_or_intimate_disclosure
reddit_813,Reddit,0,1,1,1,1,0,1,0,1,0,0,0,1,1,5.135798437050262,1,health_wellbeing,personal_situated,2_clear_stated_preference,3_vulnerable_or_intimate_disclosure
reddit_814,Reddit,0,1,1,1,1,0,1,1,0,0,0,0,1,1,5.82600010738045,1,relationship_social,personal_situated,1_weak_or_implicit_preference,3_vulnerable_or_intimate_disclosure
reddit_815,Reddit,0,1,1,1,1,0,1,1,1,0,1,0,0,1,5.66988092298052,1,health_wellbeing,personal_situated,2_clear_stated_preference,3_vulnerable_or_intimate_disclosure
reddit_816,Reddit,0,1,1,1,1,0,0,0,0,0,1,0,0,0,4.7535901911063645,1,finance_business,personal_situated,1_weak_or_implicit_preference,2_personal_difficulty_or_preference
reddit_817,Reddit,0,0,1,0,1,0,0,1,0,0,0,0,0,0,4.820281565605037,0,technical_digital,factual_informational,2_clear_stated_preference,1_factual_context
reddit_818,Reddit,0,1,1,1,1,0,1,0,0,0,0,0,1,1,5.991464547107982,1,health_wellbeing,personal_situated,1_weak_or_implicit_preference,3_vulnerable_or_intimate_disclosure
reddit_819,Reddit,0,1,1,1,1,0,1,1,0,0,0,0,0,0,6.1092475827643655,1,finance_business,personal_situated,1_weak_or_implicit_preference,2_personal_difficulty_or_preference
reddit_820,Reddit,0,1,1,1,1,1,0,0,0,0,1,1,0,0,4.890349128221754,1,relationship_social,personal_situated,2_clear_stated_preference,2_personal_difficulty_or_preference
reddit_821,Reddit,0,1,1,1,1,0,1,0,0,0,0,0,1,1,5.25227342804663,1,relationship_social,personal_situated,1_weak_or_implicit_preference,2_personal_difficulty_or_preference
reddit_822,Reddit,0,0,1,0,0,0,0,0,1,0,1,0,0,0,5.241747015059643,1,health_wellbeing,mixed,0_no_stated_preference,2_personal_difficulty_or_preference
reddit_823,Reddit,0,0,1,0,1,0,0,0,0,0,0,0,0,0,4.795790545596741,0,creative,factual_informational,2_clear_stated_preference,1_factual_context
reddit_824,Reddit,0,1,1,1,1,0,1,1,0,0,0,0,1,1,5.099866427824199,1,relationship_social,personal_situated,1_weak_or_implicit_preference,2_personal_difficulty_or_preference
reddit_825,Reddit,0,1,1,1,1,1,1,1,0,0,0,0,1,0,5.60947179518496,1,family,personal_situated,2_clear_stated_preference,2_personal_difficulty_or_preference
reddit_826,Reddit,0,1,1,0,1,0,1,1,0,0,0,0,0,0,5.476463551931511,0,career_work,mixed,0_no_stated_preference,1_factual_context
reddit_827,Reddit,0,1,1,1,1,0,0,0,0,0,1,0,0,1,5.627621113690637,1,relationship_social,personal_situated,2_clear_stated_preference,3_vulnerable_or_intimate_disclosure
reddit_828,Reddit,0,1,1,1,1,0,1,0,1,0,1,0,1,1,6.639875833826536,1,health_wellbeing,personal_situated,2_clear_stated_preference,3_vulnerable_or_intimate_disclosure
reddit_829,Reddit,0,1,1,1,1,0,1,0,0,0,1,0,0,0,4.499809670330265,1,daily_life_practical,personal_situated,1_weak_or_implicit_preference,2_personal_difficulty_or_preference
reddit_830,Reddit,0,1,1,1,1,0,1,1,0,0,0,0,0,1,5.393627546352362,1,career_work,personal_situated,1_weak_or_implicit_preference,3_vulnerable_or_intimate_disclosure
reddit_831,Reddit,0,1,1,1,1,0,1,1,0,0,0,0,0,1,5.472270673671475,1,relationship_social,personal_situated,1_weak_or_implicit_preference,3_vulnerable_or_intimate_disclosure
reddit_832,Reddit,0,1,1,1,1,0,1,0,0,0,0,0,0,1,5.327876168789581,1,relationship_social,personal_situated,1_weak_or_implicit_preference,3_vulnerable_or_intimate_disclosure
reddit_833,Reddit,0,1,1,1,0,0,1,0,0,0,0,0,0,0,5.241747015059643,1,education_application,personal_situated,1_weak_or_implicit_preference,2_personal_difficulty_or_preference
reddit_834,Reddit,0,1,1,0,1,1,0,0,0,0,1,0,0,0,3.871201010907891,1,relationship_social,personal_situated,2_clear_stated_preference,2_personal_difficulty_or_preference
reddit_835,Reddit,0,0,1,0,1,0,0,0,0,0,1,0,0,0,4.709530201312334,1,legal_bureaucratic,personal_situated,2_clear_stated_preference,1_factual_context
reddit_836,Reddit,0,1,1,1,1,0,1,1,0,0,1,0,1,1,5.703782474656201,1,health_wellbeing,personal_situated,1_weak_or_implicit_preference,3_vulnerable_or_intimate_disclosure
reddit_837,Reddit,0,0,1,0,1,0,0,0,0,0,0,0,0,0,4.248495242049359,1,legal_bureaucratic,personal_situated,0_no_stated_preference,1_factual_context
reddit_838,Reddit,0,1,1,1,1,0,1,0,1,0,0,0,0,1,5.521460917862246,1,relationship_social,personal_situated,2_clear_stated_preference,3_vulnerable_or_intimate_disclosure
reddit_839,Reddit,0,1,1,0,1,0,1,0,0,0,0,0,0,0,5.537334267018537,1,relationship_social,personal_situated,2_clear_stated_preference,2_personal_difficulty_or_preference
reddit_840,Reddit,0,1,1,1,1,0,1,0,0,0,0,0,0,1,6.452048954437226,1,education_application,personal_situated,1_weak_or_implicit_preference,3_vulnerable_or_intimate_disclosure
reddit_841,Reddit,0,1,1,1,1,0,1,1,0,0,0,0,1,1,5.497168225293202,1,relationship_social,personal_situated,2_clear_stated_preference,3_vulnerable_or_intimate_disclosure
reddit_842,Reddit,0,1,1,1,1,0,1,1,0,0,0,0,0,1,6.089044875446846,1,career_work,personal_situated,2_clear_stated_preference,3_vulnerable_or_intimate_disclosure
reddit_843,Reddit,0,0,1,1,1,0,1,1,0,0,0,0,0,0,5.916202062607435,1,relationship_social,personal_situated,1_weak_or_implicit_preference,2_personal_difficulty_or_preference
reddit_844,Reddit,0,1,1,1,1,0,1,0,0,0,0,0,0,0,5.056245805348308,1,daily_life_practical,personal_situated,0_no_stated_preference,1_factual_context
reddit_845,Reddit,0,1,1,1,1,0,1,0,1,0,0,0,0,1,4.356708826689592,1,health_wellbeing,personal_situated,0_no_stated_preference,3_vulnerable_or_intimate_disclosure
reddit_846,Reddit,0,1,1,1,1,0,1,1,0,0,1,0,0,1,5.840641657373398,1,career_work,personal_situated,2_clear_stated_preference,3_vulnerable_or_intimate_disclosure
reddit_847,Reddit,0,1,1,0,1,0,0,1,0,0,1,0,0,1,5.247024072160486,1,legal_bureaucratic,personal_situated,2_clear_stated_preference,3_vulnerable_or_intimate_disclosure
reddit_848,Reddit,0,1,1,1,1,0,0,0,0,0,1,0,0,1,5.771441123130016,1,relationship_social,personal_situated,2_clear_stated_preference,3_vulnerable_or_intimate_disclosure
reddit_849,Reddit,0,1,1,0,1,1,1,0,0,0,0,0,0,0,4.867534450455582,1,relationship_social,personal_situated,2_clear_stated_preference,1_factual_context
reddit_850,Reddit,0,1,1,1,1,0,0,0,1,0,1,0,0,1,6.091309882077698,1,education_application,personal_situated,1_weak_or_implicit_preference,3_vulnerable_or_intimate_disclosure
reddit_851,Reddit,0,1,1,0,1,0,0,0,0,0,0,0,0,0,3.9889840465642745,1,relationship_social,personal_situated,1_weak_or_implicit_preference,2_personal_difficulty_or_preference
reddit_852,Reddit,0,1,1,1,1,0,0,0,0,0,0,0,0,0,4.418840607796598,1,relationship_social,personal_situated,2_clear_stated_preference,2_personal_difficulty_or_preference
reddit_853,Reddit,0,1,1,1,1,1,1,1,0,0,0,0,1,0,5.594711379601839,1,relationship_social,personal_situated,2_clear_stated_preference,2_personal_difficulty_or_preference
reddit_854,Reddit,0,1,1,1,1,0,1,0,0,0,1,0,0,1,5.003946305945459,1,health_wellbeing,personal_situated,2_clear_stated_preference,3_vulnerable_or_intimate_disclosure
reddit_855,Reddit,0,1,1,1,1,0,1,1,1,0,0,0,0,1,6.030685260261263,1,relationship_social,personal_situated,2_clear_stated_preference,3_vulnerable_or_intimate_disclosure
reddit_856,Reddit,0,1,1,1,1,1,1,0,0,0,0,0,0,1,6.061456918928017,1,relationship_social,personal_situated,1_weak_or_implicit_preference,3_vulnerable_or_intimate_disclosure
reddit_857,Reddit,0,1,1,1,1,0,0,0,0,0,1,0,0,0,4.343805421853684,1,education_application,personal_situated,0_no_stated_preference,2_personal_difficulty_or_preference
reddit_858,Reddit,0,1,1,0,1,0,0,1,0,0,0,0,1,0,6.453624998892692,1,relationship_social,personal_situated,2_clear_stated_preference,2_personal_difficulty_or_preference
reddit_859,Reddit,0,1,1,1,1,0,1,0,0,0,0,0,0,0,5.4680601411351315,1,education_application,personal_situated,1_weak_or_implicit_preference,2_personal_difficulty_or_preference
reddit_860,Reddit,0,1,1,0,1,0,1,1,0,0,1,0,0,1,5.247024072160486,1,relationship_social,personal_situated,1_weak_or_implicit_preference,2_personal_difficulty_or_preference
reddit_861,Reddit,0,0,1,0,1,0,0,0,0,0,1,0,0,0,4.143134726391533,1,daily_life_practical,mixed,0_no_stated_preference,1_factual_context
reddit_862,Reddit,0,1,1,0,0,0,0,0,0,0,0,0,0,0,4.30406509320417,1,health_wellbeing,personal_situated,0_no_stated_preference,2_personal_difficulty_or_preference
reddit_863,Reddit,0,1,1,0,0,0,1,1,0,0,0,0,0,0,5.351858133476067,1,career_work,mixed,2_clear_stated_preference,1_factual_context
reddit_864,Reddit,0,1,1,0,1,0,1,1,0,0,0,0,0,0,5.214935757608986,1,career_work,personal_situated,1_weak_or_implicit_preference,2_personal_difficulty_or_preference
reddit_865,Reddit,0,1,1,1,1,1,1,0,1,0,1,0,0,1,5.3230099791384085,1,relationship_social,personal_situated,1_weak_or_implicit_preference,3_vulnerable_or_intimate_disclosure
reddit_866,Reddit,0,1,1,1,1,0,0,0,0,0,0,0,0,0,4.709530201312334,0,relationship_social,mixed,2_clear_stated_preference,2_personal_difficulty_or_preference
reddit_867,Reddit,0,1,1,1,1,1,0,0,0,0,1,0,1,1,5.4638318050256105,1,relationship_social,personal_situated,2_clear_stated_preference,2_personal_difficulty_or_preference
reddit_868,Reddit,0,1,1,1,1,0,0,0,0,0,1,0,0,0,5.356586274672012,1,health_wellbeing,personal_situated,0_no_stated_preference,2_personal_difficulty_or_preference
reddit_869,Reddit,0,1,1,1,1,0,0,0,1,0,0,0,0,0,4.48863636973214,1,daily_life_practical,personal_situated,2_clear_stated_preference,2_personal_difficulty_or_preference
reddit_870,Reddit,0,1,1,1,0,0,1,0,1,0,0,0,0,1,5.313205979041787,1,health_wellbeing,personal_situated,1_weak_or_implicit_preference,3_vulnerable_or_intimate_disclosure
reddit_871,Reddit,0,1,1,0,1,0,1,0,0,0,0,0,0,0,4.736198448394496,0,other,factual_informational,2_clear_stated_preference,1_factual_context
reddit_872,Reddit,0,1,1,0,0,0,1,0,0,0,1,0,0,0,4.804021044733257,0,career_work,mixed,2_clear_stated_preference,1_factual_context
reddit_873,Reddit,0,0,1,1,1,0,0,0,1,0,0,0,0,1,5.19295685089021,1,education_application,personal_situated,1_weak_or_implicit_preference,3_vulnerable_or_intimate_disclosure
reddit_874,Reddit,0,1,1,1,1,0,0,0,1,0,0,0,0,1,5.713732805509369,1,health_wellbeing,personal_situated,2_clear_stated_preference,3_vulnerable_or_intimate_disclosure
reddit_875,Reddit,0,1,1,1,1,1,1,0,0,0,1,0,0,1,5.793013608384144,1,family,personal_situated,2_clear_stated_preference,3_vulnerable_or_intimate_disclosure
reddit_876,Reddit,0,1,1,1,1,0,1,1,1,0,0,0,0,1,5.337538079701318,1,creative,personal_situated,1_weak_or_implicit_preference,3_vulnerable_or_intimate_disclosure
reddit_877,Reddit,0,1,1,0,1,0,1,1,0,0,0,0,0,0,4.499809670330265,1,education_application,personal_situated,1_weak_or_implicit_preference,1_factual_context
reddit_878,Reddit,0,1,1,1,1,0,1,1,0,0,0,0,1,0,4.912654885736052,1,relationship_social,personal_situated,2_clear_stated_preference,2_personal_difficulty_or_preference
reddit_879,Reddit,0,1,1,0,1,1,0,0,0,0,1,0,0,0,4.248495242049359,1,family,personal_situated,0_no_stated_preference,2_personal_difficulty_or_preference
reddit_880,Reddit,0,1,1,1,1,0,1,1,0,0,1,0,0,1,5.3230099791384085,1,finance_business,personal_situated,0_no_stated_preference,2_personal_difficulty_or_preference
reddit_881,Reddit,0,1,1,1,1,1,1,0,0,0,1,0,0,1,5.662960480135946,1,relationship_social,personal_situated,2_clear_stated_preference,3_vulnerable_or_intimate_disclosure
reddit_882,Reddit,0,0,1,0,0,0,0,0,0,0,0,0,0,0,4.465908118654584,0,career_work,factual_informational,1_weak_or_implicit_preference,1_factual_context
reddit_883,Reddit,0,1,1,0,1,0,1,1,0,0,0,0,0,0,5.480638923341991,1,finance_business,personal_situated,0_no_stated_preference,1_factual_context
reddit_884,Reddit,0,1,1,0,1,1,1,1,0,0,1,0,0,0,5.3471075307174685,1,relationship_social,personal_situated,1_weak_or_implicit_preference,1_factual_context
reddit_885,Reddit,0,1,1,0,1,0,1,1,0,0,0,0,0,0,4.276666119016055,1,relationship_social,personal_situated,0_no_stated_preference,2_personal_difficulty_or_preference
reddit_886,Reddit,0,1,1,0,1,0,0,0,1,0,0,0,0,0,4.174387269895637,1,health_wellbeing,personal_situated,0_no_stated_preference,2_personal_difficulty_or_preference
reddit_887,Reddit,0,1,1,1,1,0,1,0,0,0,1,0,0,1,6.008813185442595,1,relationship_social,personal_situated,2_clear_stated_preference,3_vulnerable_or_intimate_disclosure
reddit_888,Reddit,0,1,1,0,1,0,1,0,0,0,0,0,0,0,4.330733340286331,1,relationship_social,personal_situated,2_clear_stated_preference,2_personal_difficulty_or_preference
reddit_889,Reddit,0,1,1,1,1,0,1,0,0,0,0,0,1,1,6.542471960506805,1,relationship_social,personal_situated,1_weak_or_implicit_preference,3_vulnerable_or_intimate_disclosure
reddit_890,Reddit,0,1,1,1,1,0,0,0,0,0,0,0,0,0,4.430816798843313,1,relationship_social,personal_situated,2_clear_stated_preference,2_personal_difficulty_or_preference
reddit_891,Reddit,0,0,1,0,1,0,0,1,0,0,1,0,0,0,4.204692619390966,0,daily_life_practical,factual_informational,0_no_stated_preference,1_factual_context
reddit_892,Reddit,0,0,1,1,1,0,1,0,0,0,0,0,0,0,5.14166355650266,1,finance_business,mixed,2_clear_stated_preference,2_personal_difficulty_or_preference
reddit_893,Reddit,0,1,1,0,1,0,1,1,0,0,0,0,1,0,4.9344739331306915,1,relationship_social,personal_situated,1_weak_or_implicit_preference,2_personal_difficulty_or_preference
reddit_894,Reddit,0,1,1,1,1,1,1,1,0,0,1,0,0,0,5.123963979403259,1,family,personal_situated,1_weak_or_implicit_preference,2_personal_difficulty_or_preference
reddit_895,Reddit,0,1,1,1,1,0,1,0,0,0,1,0,0,0,4.727387818712341,1,finance_business,personal_situated,2_clear_stated_preference,2_personal_difficulty_or_preference
reddit_896,Reddit,0,1,1,0,1,0,0,1,0,0,0,0,0,0,4.61512051684126,0,education_application,factual_informational,1_weak_or_implicit_preference,1_factual_context
reddit_897,Reddit,0,1,1,1,1,0,1,0,0,0,0,0,0,1,5.236441962829949,1,relationship_social,personal_situated,1_weak_or_implicit_preference,3_vulnerable_or_intimate_disclosure
reddit_898,Reddit,0,1,1,1,1,0,0,1,0,0,0,0,0,1,5.288267030694535,1,health_wellbeing,personal_situated,1_weak_or_implicit_preference,2_personal_difficulty_or_preference
reddit_899,Reddit,0,1,1,1,1,0,1,0,0,0,0,0,0,1,4.110873864173311,1,health_wellbeing,personal_situated,1_weak_or_implicit_preference,2_personal_difficulty_or_preference
reddit_900,Reddit,0,1,1,1,0,0,0,1,0,0,0,0,0,0,5.209486152841421,1,career_work,personal_situated,1_weak_or_implicit_preference,2_personal_difficulty_or_preference
reddit_901,Reddit,0,1,1,1,1,0,1,1,0,0,1,0,0,1,4.59511985013459,1,relationship_social,personal_situated,2_clear_stated_preference,3_vulnerable_or_intimate_disclosure
reddit_902,Reddit,0,1,1,1,0,0,0,1,0,0,0,0,0,1,5.594711379601839,1,health_wellbeing,personal_situated,0_no_stated_preference,3_vulnerable_or_intimate_disclosure
reddit_903,Reddit,0,1,1,1,1,0,1,0,0,0,0,0,0,0,3.7612001156935624,1,relationship_social,personal_situated,0_no_stated_preference,2_personal_difficulty_or_preference
reddit_904,Reddit,0,0,1,1,1,0,1,0,0,0,1,0,0,1,4.574710978503383,1,career_work,personal_situated,2_clear_stated_preference,2_personal_difficulty_or_preference
reddit_905,Reddit,0,1,1,1,1,0,1,0,0,0,1,0,1,1,6.054439346269371,1,education_application,personal_situated,2_clear_stated_preference,3_vulnerable_or_intimate_disclosure
reddit_906,Reddit,0,1,1,1,1,0,0,0,0,0,0,0,0,1,5.986452005284438,1,relationship_social,personal_situated,2_clear_stated_preference,3_vulnerable_or_intimate_disclosure
reddit_907,Reddit,0,1,1,1,1,0,1,1,0,1,0,0,1,1,6.0844994130751715,1,relationship_social,personal_situated,2_clear_stated_preference,3_vulnerable_or_intimate_disclosure
reddit_908,Reddit,0,1,1,1,1,0,1,0,0,0,1,0,0,1,6.013715156042802,1,relationship_social,personal_situated,2_clear_stated_preference,3_vulnerable_or_intimate_disclosure
reddit_909,Reddit,0,1,1,1,1,1,1,0,1,0,1,0,1,1,6.432940092739179,1,relationship_social,personal_situated,2_clear_stated_preference,3_vulnerable_or_intimate_disclosure
reddit_910,Reddit,0,1,1,1,1,0,1,1,0,0,1,0,0,0,5.293304824724492,1,career_work,personal_situated,2_clear_stated_preference,2_personal_difficulty_or_preference
reddit_911,Reddit,0,1,1,0,1,1,0,0,0,0,0,1,0,0,5.0106352940962555,1,relationship_social,personal_situated,2_clear_stated_preference,2_personal_difficulty_or_preference
reddit_912,Reddit,0,1,1,1,1,0,1,0,0,0,1,0,0,1,5.087596335232384,1,family,personal_situated,2_clear_stated_preference,3_vulnerable_or_intimate_disclosure
reddit_913,Reddit,0,1,1,0,1,0,0,0,0,0,1,0,0,0,4.634728988229636,0,health_wellbeing,factual_informational,0_no_stated_preference,1_factual_context
reddit_914,Reddit,0,1,1,1,1,1,1,1,0,0,1,0,0,0,5.575949103146316,1,career_work,personal_situated,2_clear_stated_preference,2_personal_difficulty_or_preference
reddit_915,Reddit,0,1,1,0,1,0,1,1,0,0,0,0,0,1,5.560681631015528,1,family,personal_situated,1_weak_or_implicit_preference,3_vulnerable_or_intimate_disclosure
reddit_916,Reddit,0,0,1,1,1,0,0,0,0,0,0,0,0,0,5.043425116919247,1,health_wellbeing,personal_situated,2_clear_stated_preference,2_personal_difficulty_or_preference
reddit_917,Reddit,0,1,1,0,1,0,1,1,0,0,0,0,0,0,5.82600010738045,1,daily_life_practical,mixed,2_clear_stated_preference,1_factual_context
reddit_918,Reddit,0,1,1,1,1,0,1,1,0,0,0,0,0,1,5.198497031265826,1,relationship_social,personal_situated,0_no_stated_preference,2_personal_difficulty_or_preference
reddit_919,Reddit,0,1,1,1,1,0,1,0,1,0,0,0,0,1,6.501289670540389,1,relationship_social,personal_situated,2_clear_stated_preference,3_vulnerable_or_intimate_disclosure
reddit_920,Reddit,0,1,1,1,1,0,1,0,0,0,0,0,0,0,5.303304908059076,1,daily_life_practical,personal_situated,1_weak_or_implicit_preference,2_personal_difficulty_or_preference
reddit_921,Reddit,0,1,1,1,1,0,1,0,1,0,0,0,0,1,6.444131256700441,1,relationship_social,personal_situated,1_weak_or_implicit_preference,3_vulnerable_or_intimate_disclosure
reddit_922,Reddit,0,1,1,1,1,0,1,0,0,0,0,0,0,0,5.560681631015528,1,education_application,personal_situated,2_clear_stated_preference,2_personal_difficulty_or_preference
reddit_923,Reddit,0,1,1,0,1,1,1,0,0,0,1,0,0,0,4.394449154672439,1,relationship_social,personal_situated,2_clear_stated_preference,2_personal_difficulty_or_preference
reddit_924,Reddit,0,1,1,1,1,0,1,1,0,0,0,0,1,1,5.953243334287785,1,relationship_social,personal_situated,1_weak_or_implicit_preference,3_vulnerable_or_intimate_disclosure
reddit_925,Reddit,0,1,1,1,1,1,1,0,0,0,1,0,0,1,5.0369526024136295,1,family,personal_situated,2_clear_stated_preference,3_vulnerable_or_intimate_disclosure
reddit_926,Reddit,0,1,1,1,1,1,0,0,0,0,1,0,0,1,4.6913478822291435,1,family,personal_situated,2_clear_stated_preference,3_vulnerable_or_intimate_disclosure
reddit_927,Reddit,0,1,1,1,1,1,1,1,0,0,0,0,1,1,5.455321115357702,1,relationship_social,personal_situated,1_weak_or_implicit_preference,3_vulnerable_or_intimate_disclosure
reddit_928,Reddit,0,1,1,1,1,0,1,1,0,0,0,0,0,0,5.293304824724492,1,education_application,personal_situated,1_weak_or_implicit_preference,2_personal_difficulty_or_preference
reddit_929,Reddit,0,1,1,0,0,0,1,0,0,0,0,0,0,0,5.4510384535657,1,health_wellbeing,personal_situated,2_clear_stated_preference,1_factual_context
reddit_930,Reddit,0,1,1,1,1,1,1,0,1,0,1,0,0,0,5.342334251964811,1,relationship_social,personal_situated,1_weak_or_implicit_preference,2_personal_difficulty_or_preference
reddit_931,Reddit,0,1,1,1,1,0,1,0,0,0,1,0,1,1,5.638354669333745,1,legal_bureaucratic,personal_situated,2_clear_stated_preference,3_vulnerable_or_intimate_disclosure
reddit_932,Reddit,0,1,1,1,1,0,0,0,0,0,1,0,0,1,5.049856007249537,1,family,personal_situated,2_clear_stated_preference,3_vulnerable_or_intimate_disclosure
reddit_933,Reddit,0,1,1,1,1,1,1,1,0,0,1,0,0,0,5.365976015021851,1,health_wellbeing,personal_situated,2_clear_stated_preference,2_personal_difficulty_or_preference
reddit_934,Reddit,0,1,1,1,1,0,1,0,0,0,0,0,0,1,6.304448802421981,1,relationship_social,personal_situated,1_weak_or_implicit_preference,3_vulnerable_or_intimate_disclosure
reddit_935,Reddit,0,1,1,1,1,0,1,1,0,0,0,0,0,1,5.780743515792329,1,legal_bureaucratic,personal_situated,2_clear_stated_preference,2_personal_difficulty_or_preference
reddit_936,Reddit,0,1,1,1,0,0,1,0,0,0,1,0,0,1,4.983606621708336,1,health_wellbeing,personal_situated,1_weak_or_implicit_preference,3_vulnerable_or_intimate_disclosure
reddit_937,Reddit,0,0,1,0,1,0,0,1,0,0,0,0,0,0,5.2832037287379885,1,legal_bureaucratic,mixed,0_no_stated_preference,2_personal_difficulty_or_preference
reddit_938,Reddit,0,1,1,1,1,0,1,0,0,0,1,0,0,1,5.356586274672012,1,education_application,personal_situated,0_no_stated_preference,3_vulnerable_or_intimate_disclosure
reddit_939,Reddit,0,1,1,0,1,0,0,1,0,0,0,0,0,0,4.127134385045092,1,career_work,mixed,2_clear_stated_preference,1_factual_context
reddit_940,Reddit,0,1,1,1,1,0,1,0,1,0,1,0,0,1,4.820281565605037,1,health_wellbeing,personal_situated,2_clear_stated_preference,3_vulnerable_or_intimate_disclosure
reddit_941,Reddit,0,1,1,0,1,0,1,0,0,0,0,0,0,0,5.755742213586912,1,career_work,personal_situated,2_clear_stated_preference,2_personal_difficulty_or_preference
reddit_942,Reddit,0,1,1,1,1,0,1,0,0,0,0,0,0,1,6.154858094016418,1,career_work,personal_situated,1_weak_or_implicit_preference,3_vulnerable_or_intimate_disclosure
reddit_943,Reddit,0,1,1,1,1,0,0,1,0,0,1,0,0,0,5.872117789475416,1,legal_bureaucratic,personal_situated,2_clear_stated_preference,2_personal_difficulty_or_preference
reddit_944,Reddit,0,1,1,1,1,0,1,0,0,0,1,0,0,0,6.1092475827643655,1,education_application,personal_situated,2_clear_stated_preference,2_personal_difficulty_or_preference
reddit_945,Reddit,0,1,1,1,1,0,1,1,0,0,1,0,1,0,5.683579767338681,1,family,personal_situated,2_clear_stated_preference,2_personal_difficulty_or_preference
reddit_946,Reddit,0,1,1,1,1,0,1,0,0,0,0,0,0,0,4.672828834461906,1,family,personal_situated,2_clear_stated_preference,2_personal_difficulty_or_preference
reddit_947,Reddit,0,1,1,1,1,0,1,0,0,0,0,0,0,1,5.71042701737487,1,relationship_social,personal_situated,1_weak_or_implicit_preference,3_vulnerable_or_intimate_disclosure
reddit_948,Reddit,0,1,1,1,1,0,1,0,0,0,1,0,0,1,6.558197802812269,1,legal_bureaucratic,personal_situated,2_clear_stated_preference,2_personal_difficulty_or_preference
reddit_949,Reddit,0,1,1,1,1,0,1,1,0,0,1,0,0,0,5.768320995793772,1,legal_bureaucratic,personal_situated,2_clear_stated_preference,2_personal_difficulty_or_preference
reddit_950,Reddit,0,1,1,1,1,0,1,1,1,0,0,0,0,1,5.241747015059643,1,relationship_social,personal_situated,2_clear_stated_preference,3_vulnerable_or_intimate_disclosure
reddit_951,Reddit,0,1,1,0,1,0,1,1,0,0,0,0,0,0,5.1647859739235145,1,finance_business,mixed,1_weak_or_implicit_preference,1_factual_context
reddit_952,Reddit,0,1,1,1,1,0,0,0,1,0,1,0,0,1,4.07753744390572,1,health_wellbeing,personal_situated,0_no_stated_preference,2_personal_difficulty_or_preference
reddit_953,Reddit,0,1,1,1,1,0,1,0,1,0,1,0,1,1,6.386879319362645,1,health_wellbeing,personal_situated,2_clear_stated_preference,3_vulnerable_or_intimate_disclosure
reddit_954,Reddit,0,0,1,1,1,0,0,0,0,0,0,0,0,1,3.8918202981106265,1,legal_bureaucratic,personal_situated,1_weak_or_implicit_preference,2_personal_difficulty_or_preference
reddit_955,Reddit,0,1,1,1,1,1,1,0,0,0,0,0,0,1,6.180016653652572,1,relationship_social,personal_situated,1_weak_or_implicit_preference,3_vulnerable_or_intimate_disclosure
reddit_956,Reddit,0,1,1,1,0,0,0,0,0,0,0,0,0,1,4.499809670330265,1,health_wellbeing,personal_situated,2_clear_stated_preference,3_vulnerable_or_intimate_disclosure
reddit_957,Reddit,0,1,1,1,1,0,1,0,0,0,0,0,0,0,6.184148890937483,1,relationship_social,personal_situated,1_weak_or_implicit_preference,2_personal_difficulty_or_preference
reddit_958,Reddit,0,1,1,1,1,1,0,1,0,0,1,0,0,1,5.402677381872279,1,relationship_social,personal_situated,2_clear_stated_preference,3_vulnerable_or_intimate_disclosure
reddit_959,Reddit,0,1,1,1,1,0,1,1,0,0,0,0,0,1,5.288267030694535,1,health_wellbeing,personal_situated,2_clear_stated_preference,3_vulnerable_or_intimate_disclosure
reddit_960,Reddit,0,1,1,1,1,0,0,1,0,0,0,0,0,0,5.1298987149230735,1,relationship_social,personal_situated,1_weak_or_implicit_preference,2_personal_difficulty_or_preference
reddit_961,Reddit,0,1,1,1,1,0,1,1,0,0,0,0,0,1,4.465908118654584,1,health_wellbeing,mixed,1_weak_or_implicit_preference,2_personal_difficulty_or_preference
reddit_962,Reddit,0,1,1,1,1,1,1,1,0,0,1,0,0,1,6.210600077024653,1,relationship_social,personal_situated,1_weak_or_implicit_preference,2_personal_difficulty_or_preference
reddit_963,Reddit,0,1,1,0,0,0,0,0,0,0,1,0,0,0,5.187385805840755,1,education_application,personal_situated,2_clear_stated_preference,2_personal_difficulty_or_preference
reddit_964,Reddit,0,1,1,1,1,0,1,1,0,0,0,0,0,1,5.973809611869261,1,education_application,personal_situated,1_weak_or_implicit_preference,3_vulnerable_or_intimate_disclosure
reddit_965,Reddit,0,1,1,0,0,0,0,0,0,0,0,0,0,0,3.6888794541139363,1,health_wellbeing,personal_situated,0_no_stated_preference,1_factual_context
reddit_966,Reddit,0,1,1,1,1,0,1,0,0,0,1,0,0,1,5.407171771460119,1,family,personal_situated,2_clear_stated_preference,2_personal_difficulty_or_preference
reddit_967,Reddit,0,0,1,1,1,0,1,0,0,0,1,0,0,1,4.219507705176107,1,health_wellbeing,mixed,2_clear_stated_preference,2_personal_difficulty_or_preference
reddit_968,Reddit,0,1,1,1,1,0,0,0,0,0,0,0,0,0,4.204692619390966,1,family,personal_situated,2_clear_stated_preference,2_personal_difficulty_or_preference
reddit_969,Reddit,0,1,1,1,1,0,1,1,0,0,1,0,1,0,6.52795791762255,1,career_work,personal_situated,2_clear_stated_preference,2_personal_difficulty_or_preference
reddit_970,Reddit,0,0,1,1,1,0,0,1,1,0,0,0,0,0,4.356708826689592,1,health_wellbeing,personal_situated,2_clear_stated_preference,2_personal_difficulty_or_preference
reddit_971,Reddit,0,1,1,0,0,0,1,0,0,0,1,0,0,0,4.7535901911063645,1,career_work,mixed,2_clear_stated_preference,1_factual_context
reddit_972,Reddit,0,1,1,1,1,0,1,0,0,0,0,0,0,1,5.375278407684165,1,relationship_social,personal_situated,1_weak_or_implicit_preference,3_vulnerable_or_intimate_disclosure
reddit_973,Reddit,0,1,1,1,1,0,1,1,1,0,0,0,0,1,5.4116460518550396,1,health_wellbeing,personal_situated,0_no_stated_preference,3_vulnerable_or_intimate_disclosure
reddit_974,Reddit,0,1,1,1,1,1,1,1,0,0,1,0,0,1,6.0330862217988015,1,health_wellbeing,personal_situated,1_weak_or_implicit_preference,3_vulnerable_or_intimate_disclosure
reddit_975,Reddit,0,1,1,1,1,1,1,0,0,0,0,0,0,0,4.787491742782046,1,career_work,personal_situated,0_no_stated_preference,1_factual_context
wildchat_0,WildChat,1,0,0,0,0,0,0,0,0,0,1,0,0,0,2.833213344056216,0,education_application,factual_informational,0_no_stated_preference,0_minimal_or_no_disclosure
wildchat_1,WildChat,1,1,1,0,0,0,1,1,0,0,1,0,0,0,3.1354942159291497,0,education_application,mixed,1_weak_or_implicit_preference,1_factual_context
wildchat_2,WildChat,1,1,0,0,1,0,0,0,0,0,1,0,0,0,2.70805020110221,0,daily_life_practical,factual_informational,0_no_stated_preference,0_minimal_or_no_disclosure
wildchat_3,WildChat,1,0,1,0,0,0,0,1,0,0,0,0,0,0,5.043425116919247,1,health_wellbeing,personal_situated,2_clear_stated_preference,2_personal_difficulty_or_preference
wildchat_4,WildChat,1,1,1,1,1,0,0,0,0,0,1,0,0,0,3.828641396489095,1,career_work,personal_situated,2_clear_stated_preference,2_personal_difficulty_or_preference
wildchat_5,WildChat,1,0,0,0,0,0,0,1,0,0,0,0,0,0,3.367295829986474,0,daily_life_practical,factual_informational,0_no_stated_preference,0_minimal_or_no_disclosure
wildchat_6,WildChat,1,0,0,0,1,1,0,0,0,0,0,1,0,0,2.995732273553991,1,legal_bureaucratic,personal_situated,2_clear_stated_preference,1_factual_context
wildchat_7,WildChat,1,1,1,0,1,1,0,0,0,0,0,1,0,0,5.805134968916488,1,career_work,personal_situated,2_clear_stated_preference,2_personal_difficulty_or_preference
wildchat_8,WildChat,1,0,1,0,1,0,0,0,0,0,0,1,0,0,5.58724865840025,0,finance_business,factual_informational,2_clear_stated_preference,0_minimal_or_no_disclosure
wildchat_9,WildChat,1,1,1,0,0,0,0,0,0,0,1,1,0,0,4.700480365792417,1,health_wellbeing,personal_situated,2_clear_stated_preference,1_factual_context
wildchat_10,WildChat,1,0,1,0,0,0,0,1,0,0,0,0,0,0,3.091042453358316,1,education_application,mixed,2_clear_stated_preference,1_factual_context
wildchat_11,WildChat,1,1,1,1,1,0,0,0,1,0,0,0,0,0,3.367295829986474,1,family,personal_situated,2_clear_stated_preference,1_factual_context
wildchat_12,WildChat,1,0,1,0,1,1,0,0,0,0,0,1,0,0,4.07753744390572,1,relationship_social,personal_situated,0_no_stated_preference,1_factual_context
wildchat_13,WildChat,1,0,0,0,1,0,0,0,0,0,1,0,0,0,3.091042453358316,1,career_work,personal_situated,0_no_stated_preference,1_factual_context
wildchat_14,WildChat,1,0,0,0,1,1,0,0,0,0,1,0,0,0,3.6635616461296463,1,career_work,mixed,0_no_stated_preference,0_minimal_or_no_disclosure
wildchat_15,WildChat,1,1,0,0,1,0,0,0,0,0,1,0,0,0,2.772588722239781,1,relationship_social,personal_situated,2_clear_stated_preference,2_personal_difficulty_or_preference
wildchat_16,WildChat,1,0,1,0,1,1,1,0,0,0,1,1,0,0,3.6375861597263857,1,career_work,personal_situated,2_clear_stated_preference,2_personal_difficulty_or_preference
wildchat_17,WildChat,1,1,1,0,1,0,0,1,0,0,0,0,0,0,4.30406509320417,0,finance_business,factual_informational,0_no_stated_preference,0_minimal_or_no_disclosure
wildchat_18,WildChat,1,0,1,0,1,1,0,0,0,0,0,1,0,0,4.672828834461906,0,finance_business,factual_informational,0_no_stated_preference,0_minimal_or_no_disclosure
wildchat_19,WildChat,1,0,1,0,0,0,0,1,0,0,1,0,0,0,3.6109179126442243,0,finance_business,factual_informational,2_clear_stated_preference,0_minimal_or_no_disclosure
wildchat_20,WildChat,1,0,1,0,1,1,0,0,0,0,0,1,0,0,3.258096538021482,1,daily_life_practical,personal_situated,0_no_stated_preference,0_minimal_or_no_disclosure
wildchat_21,WildChat,1,0,0,0,0,0,0,0,0,0,1,0,0,0,3.367295829986474,0,career_work,factual_informational,0_no_stated_preference,0_minimal_or_no_disclosure
wildchat_22,WildChat,1,1,1,1,1,0,1,0,0,0,0,0,0,1,5.552959584921617,1,finance_business,personal_situated,1_weak_or_implicit_preference,2_personal_difficulty_or_preference
wildchat_23,WildChat,1,1,0,0,1,0,0,0,0,0,1,0,0,0,2.1972245773362196,0,relationship_social,factual_informational,0_no_stated_preference,0_minimal_or_no_disclosure
wildchat_24,WildChat,1,0,0,0,0,0,0,0,0,0,1,0,0,0,2.3978952727983707,0,daily_life_practical,factual_informational,0_no_stated_preference,0_minimal_or_no_disclosure
wildchat_25,WildChat,1,1,1,1,1,0,0,1,0,0,0,0,0,1,4.61512051684126,1,health_wellbeing,personal_situated,0_no_stated_preference,2_personal_difficulty_or_preference
wildchat_26,WildChat,1,1,1,1,1,0,0,1,0,0,1,0,0,0,5.3981627015177525,1,career_work,personal_situated,2_clear_stated_preference,2_personal_difficulty_or_preference
wildchat_27,WildChat,1,0,0,0,1,1,0,0,0,0,0,1,0,0,2.6390573296152584,0,career_work,factual_informational,2_clear_stated_preference,0_minimal_or_no_disclosure
wildchat_28,WildChat,1,1,1,0,1,0,1,1,0,0,0,0,0,0,5.713732805509369,1,career_work,personal_situated,2_clear_stated_preference,1_factual_context
wildchat_29,WildChat,1,0,1,0,1,1,0,0,0,0,1,1,0,0,4.6913478822291435,0,career_work,factual_informational,0_no_stated_preference,0_minimal_or_no_disclosure
wildchat_30,WildChat,1,1,1,1,1,1,1,0,0,0,0,0,1,1,5.1298987149230735,1,family,personal_situated,1_weak_or_implicit_preference,3_vulnerable_or_intimate_disclosure
wildchat_31,WildChat,1,1,1,0,1,0,0,1,0,0,0,0,1,0,3.5553480614894135,1,career_work,personal_situated,0_no_stated_preference,1_factual_context
wildchat_32,WildChat,1,1,1,0,0,0,0,1,0,0,0,0,0,0,4.1588830833596715,0,education_application,factual_informational,1_weak_or_implicit_preference,1_factual_context
wildchat_33,WildChat,1,1,1,0,1,0,0,0,0,0,0,0,0,0,3.970291913552122,1,career_work,personal_situated,2_clear_stated_preference,1_factual_context
wildchat_34,WildChat,1,0,0,0,0,0,0,0,0,0,0,0,0,0,2.4849066497880004,0,finance_business,factual_informational,0_no_stated_preference,0_minimal_or_no_disclosure
wildchat_35,WildChat,1,0,1,1,0,0,0,1,0,0,1,0,0,1,3.8918202981106265,1,health_wellbeing,mixed,2_clear_stated_preference,2_personal_difficulty_or_preference
wildchat_36,WildChat,1,1,0,0,0,0,0,1,0,0,1,0,0,0,3.295836866004329,1,finance_business,personal_situated,1_weak_or_implicit_preference,1_factual_context
wildchat_37,WildChat,1,0,0,0,0,0,0,0,0,0,0,0,0,0,2.5649493574615367,0,finance_business,factual_informational,0_no_stated_preference,0_minimal_or_no_disclosure
wildchat_38,WildChat,1,1,1,0,1,1,0,0,0,0,0,1,0,0,3.912023005428146,1,career_work,mixed,2_clear_stated_preference,1_factual_context
wildchat_39,WildChat,1,0,0,0,0,0,0,0,0,0,0,0,0,0,2.3978952727983707,0,career_work,uncertain,0_no_stated_preference,0_minimal_or_no_disclosure
wildchat_40,WildChat,1,1,1,0,1,1,1,1,0,0,0,1,0,1,4.634728988229636,1,finance_business,mixed,2_clear_stated_preference,2_personal_difficulty_or_preference
wildchat_41,WildChat,1,0,0,0,0,0,0,0,0,0,0,0,0,0,2.995732273553991,0,career_work,uncertain,0_no_stated_preference,0_minimal_or_no_disclosure
wildchat_42,WildChat,1,1,1,0,1,1,0,0,0,0,1,0,0,0,3.2188758248682006,1,relationship_social,personal_situated,2_clear_stated_preference,2_personal_difficulty_or_preference
wildchat_43,WildChat,1,0,0,0,1,0,0,0,0,0,0,0,0,0,3.871201010907891,0,legal_bureaucratic,factual_informational,2_clear_stated_preference,0_minimal_or_no_disclosure
wildchat_44,WildChat,1,0,0,0,1,0,0,0,0,0,0,0,0,0,2.3978952727983707,0,career_work,factual_informational,0_no_stated_preference,1_factual_context
wildchat_45,WildChat,1,0,0,0,1,0,0,0,0,0,1,1,0,0,3.4339872044851463,0,legal_bureaucratic,factual_informational,0_no_stated_preference,0_minimal_or_no_disclosure
wildchat_46,WildChat,1,1,1,0,1,0,1,1,0,0,0,0,0,0,4.5217885770490405,1,education_application,mixed,2_clear_stated_preference,1_factual_context
wildchat_47,WildChat,1,0,1,0,1,0,0,0,0,0,0,0,0,0,3.5553480614894135,1,career_work,personal_situated,2_clear_stated_preference,2_personal_difficulty_or_preference
wildchat_48,WildChat,1,1,0,0,1,0,0,0,0,0,1,0,0,0,2.833213344056216,1,family,personal_situated,2_clear_stated_preference,2_personal_difficulty_or_preference
wildchat_49,WildChat,1,0,0,0,1,0,0,0,0,0,0,0,0,0,2.8903717578961645,0,daily_life_practical,factual_informational,2_clear_stated_preference,0_minimal_or_no_disclosure
wildchat_50,WildChat,1,1,0,0,0,0,0,1,0,0,0,0,0,0,4.110873864173311,0,education_application,factual_informational,1_weak_or_implicit_preference,0_minimal_or_no_disclosure
wildchat_51,WildChat,1,1,1,0,1,0,0,0,0,0,1,0,0,0,3.784189633918261,1,legal_bureaucratic,personal_situated,2_clear_stated_preference,1_factual_context
wildchat_52,WildChat,1,1,1,0,0,0,0,0,0,0,1,0,0,0,3.4011973816621555,0,creative,factual_informational,2_clear_stated_preference,1_factual_context
wildchat_53,WildChat,1,0,1,1,1,0,0,0,0,0,0,0,0,1,3.7612001156935624,1,health_wellbeing,personal_situated,0_no_stated_preference,3_vulnerable_or_intimate_disclosure
wildchat_54,WildChat,1,1,0,0,1,0,0,0,0,0,0,0,0,0,2.833213344056216,0,relationship_social,factual_informational,0_no_stated_preference,0_minimal_or_no_disclosure
wildchat_55,WildChat,1,0,1,0,0,0,0,1,0,0,0,0,0,0,3.912023005428146,0,health_wellbeing,factual_informational,2_clear_stated_preference,1_factual_context
wildchat_56,WildChat,1,0,1,0,0,0,0,0,0,0,0,0,0,0,3.4965075614664802,1,health_wellbeing,mixed,2_clear_stated_preference,1_factual_context
wildchat_57,WildChat,1,0,1,0,0,0,0,1,0,0,0,0,0,0,3.4965075614664802,0,career_work,factual_informational,2_clear_stated_preference,0_minimal_or_no_disclosure
wildchat_58,WildChat,1,1,0,0,1,0,0,0,0,0,1,0,0,0,2.4849066497880004,1,relationship_social,personal_situated,2_clear_stated_preference,2_personal_difficulty_or_preference
wildchat_59,WildChat,1,0,1,0,1,0,0,1,0,0,0,0,0,0,3.4965075614664802,1,daily_life_practical,personal_situated,2_clear_stated_preference,1_factual_context
wildchat_60,WildChat,1,1,1,0,1,1,0,0,0,0,0,1,0,0,3.970291913552122,0,relationship_social,factual_informational,2_clear_stated_preference,1_factual_context
wildchat_61,WildChat,1,1,0,0,1,0,0,1,0,0,0,0,0,0,3.4011973816621555,1,relationship_social,personal_situated,0_no_stated_preference,1_factual_context
wildchat_62,WildChat,1,1,1,0,0,0,0,0,0,0,1,1,0,0,4.060443010546419,0,finance_business,factual_informational,2_clear_stated_preference,0_minimal_or_no_disclosure
wildchat_63,WildChat,1,0,0,0,0,0,0,0,0,0,1,0,0,0,2.302585092994046,0,career_work,factual_informational,0_no_stated_preference,0_minimal_or_no_disclosure
wildchat_64,WildChat,1,0,0,0,1,1,0,0,0,0,1,0,0,0,3.4011973816621555,0,education_application,factual_informational,0_no_stated_preference,0_minimal_or_no_disclosure
wildchat_65,WildChat,1,0,1,0,1,1,0,0,0,0,1,1,0,0,4.276666119016055,0,career_work,mixed,0_no_stated_preference,1_factual_context
wildchat_66,WildChat,1,0,1,0,1,0,0,1,0,0,0,0,0,0,3.6375861597263857,0,family,factual_informational,2_clear_stated_preference,0_minimal_or_no_disclosure
wildchat_67,WildChat,1,0,1,0,0,0,1,0,0,0,0,0,0,0,3.9512437185814275,1,daily_life_practical,personal_situated,1_weak_or_implicit_preference,2_personal_difficulty_or_preference
wildchat_68,WildChat,1,1,0,0,1,0,0,1,0,0,1,0,0,0,2.70805020110221,0,health_wellbeing,factual_informational,0_no_stated_preference,0_minimal_or_no_disclosure
wildchat_69,WildChat,1,1,1,0,1,1,0,0,0,0,1,1,0,0,4.356708826689592,1,legal_bureaucratic,mixed,0_no_stated_preference,1_factual_context
wildchat_70,WildChat,1,0,0,0,0,0,0,1,0,0,0,0,0,0,4.276666119016055,0,health_wellbeing,factual_informational,1_weak_or_implicit_preference,1_factual_context
wildchat_71,WildChat,1,1,1,0,1,1,0,1,0,0,0,1,0,0,4.700480365792417,0,career_work,factual_informational,2_clear_stated_preference,1_factual_context
wildchat_72,WildChat,1,1,1,0,0,0,1,1,0,0,0,0,0,0,2.772588722239781,0,health_wellbeing,factual_informational,0_no_stated_preference,0_minimal_or_no_disclosure
wildchat_73,WildChat,1,0,0,0,0,0,0,0,0,0,1,0,0,0,2.5649493574615367,0,finance_business,factual_informational,0_no_stated_preference,0_minimal_or_no_disclosure
wildchat_74,WildChat,1,1,1,0,0,0,0,1,0,0,1,1,0,0,4.060443010546419,0,health_wellbeing,factual_informational,2_clear_stated_preference,1_factual_context
wildchat_75,WildChat,1,1,1,0,1,1,0,0,0,0,1,1,0,0,6.218600119691729,1,career_work,mixed,0_no_stated_preference,1_factual_context
wildchat_76,WildChat,1,0,1,0,1,0,0,1,0,0,0,0,0,0,3.295836866004329,0,career_work,factual_informational,0_no_stated_preference,0_minimal_or_no_disclosure
wildchat_77,WildChat,1,0,0,0,1,1,0,0,0,0,0,0,0,0,4.382026634673881,1,relationship_social,personal_situated,0_no_stated_preference,0_minimal_or_no_disclosure
wildchat_78,WildChat,1,1,1,1,1,0,0,0,0,0,1,0,0,0,5.3230099791384085,1,health_wellbeing,personal_situated,2_clear_stated_preference,2_personal_difficulty_or_preference
wildchat_79,WildChat,1,0,1,0,0,0,0,0,0,0,0,0,0,0,3.5553480614894135,0,health_wellbeing,factual_informational,0_no_stated_preference,2_personal_difficulty_or_preference
wildchat_80,WildChat,1,1,0,0,0,0,1,1,0,0,0,0,0,0,3.091042453358316,1,finance_business,personal_situated,0_no_stated_preference,1_factual_context
wildchat_81,WildChat,1,0,0,0,0,0,0,0,0,0,1,0,0,0,2.6390573296152584,0,career_work,factual_informational,0_no_stated_preference,0_minimal_or_no_disclosure
wildchat_82,WildChat,1,0,0,0,1,1,0,0,0,0,0,1,0,0,3.2188758248682006,0,career_work,factual_informational,0_no_stated_preference,0_minimal_or_no_disclosure
wildchat_83,WildChat,1,0,0,0,0,0,0,1,0,0,1,0,0,0,3.044522437723423,0,finance_business,factual_informational,0_no_stated_preference,0_minimal_or_no_disclosure
wildchat_84,WildChat,1,0,1,1,1,0,0,1,0,0,0,0,0,0,4.709530201312334,1,health_wellbeing,personal_situated,0_no_stated_preference,2_personal_difficulty_or_preference
wildchat_85,WildChat,1,1,0,0,1,1,0,0,0,0,0,0,0,0,3.1780538303479458,1,relationship_social,personal_situated,2_clear_stated_preference,1_factual_context
wildchat_86,WildChat,1,0,0,0,1,1,0,0,0,0,1,1,0,0,2.5649493574615367,1,career_work,personal_situated,2_clear_stated_preference,1_factual_context
wildchat_87,WildChat,1,0,1,0,1,0,0,0,0,0,0,0,0,1,2.995732273553991,1,legal_bureaucratic,personal_situated,0_no_stated_preference,3_vulnerable_or_intimate_disclosure
wildchat_88,WildChat,1,0,1,0,1,0,0,1,0,0,1,0,0,0,4.219507705176107,0,daily_life_practical,mixed,0_no_stated_preference,1_factual_context
wildchat_89,WildChat,1,1,1,0,1,1,0,0,0,0,0,1,0,0,4.844187086458591,1,career_work,personal_situated,0_no_stated_preference,0_minimal_or_no_disclosure
wildchat_90,WildChat,1,1,1,1,1,0,1,1,0,0,0,0,0,0,4.859812404361672,1,career_work,personal_situated,2_clear_stated_preference,2_personal_difficulty_or_preference
wildchat_91,WildChat,1,1,1,0,1,0,1,1,0,0,0,0,0,0,5.0689042022202315,1,career_work,personal_situated,2_clear_stated_preference,1_factual_context
wildchat_92,WildChat,1,1,1,0,0,0,0,0,0,0,0,0,0,0,2.9444389791664403,1,technical_digital,personal_situated,2_clear_stated_preference,1_factual_context
wildchat_93,WildChat,1,0,0,0,1,1,0,0,0,0,0,1,0,0,2.3978952727983707,0,relationship_social,factual_informational,0_no_stated_preference,0_minimal_or_no_disclosure
wildchat_94,WildChat,1,0,0,0,0,0,0,1,0,0,0,0,0,0,3.332204510175204,0,finance_business,factual_informational,0_no_stated_preference,0_minimal_or_no_disclosure
wildchat_95,WildChat,1,0,1,0,1,0,1,0,0,0,0,0,0,0,3.367295829986474,1,education_application,personal_situated,0_no_stated_preference,1_factual_context
wildchat_96,WildChat,1,1,1,0,1,0,1,1,0,0,0,0,0,0,5.030437921392435,1,career_work,personal_situated,2_clear_stated_preference,1_factual_context
wildchat_97,WildChat,1,1,1,0,0,0,1,0,0,0,0,0,0,0,3.4011973816621555,1,education_application,personal_situated,2_clear_stated_preference,1_factual_context
wildchat_98,WildChat,1,0,0,0,0,0,0,0,0,0,1,0,0,0,2.1972245773362196,0,career_work,factual_informational,0_no_stated_preference,0_minimal_or_no_disclosure
wildchat_99,WildChat,1,0,0,0,0,0,0,1,0,0,1,0,0,0,3.6635616461296463,1,finance_business,personal_situated,0_no_stated_preference,1_factual_context
wildchat_100,WildChat,1,1,1,0,0,0,0,1,0,0,0,0,0,0,4.1588830833596715,1,career_work,mixed,2_clear_stated_preference,1_factual_context
wildchat_101,WildChat,1,1,1,0,1,0,1,1,0,0,0,0,0,0,4.882801922586371,1,daily_life_practical,personal_situated,1_weak_or_implicit_preference,1_factual_context
wildchat_102,WildChat,1,0,1,0,1,0,0,0,0,0,0,0,0,0,4.23410650459726,1,career_work,personal_situated,2_clear_stated_preference,2_personal_difficulty_or_preference
wildchat_103,WildChat,1,1,0,0,0,0,0,0,0,0,1,0,0,0,2.5649493574615367,0,finance_business,factual_informational,0_no_stated_preference,0_minimal_or_no_disclosure
wildchat_104,WildChat,1,1,1,0,1,1,0,0,0,0,0,1,0,0,3.6888794541139363,1,family,personal_situated,2_clear_stated_preference,1_factual_context
wildchat_105,WildChat,1,0,0,0,1,1,0,0,0,0,0,1,0,0,2.4849066497880004,0,legal_bureaucratic,factual_informational,0_no_stated_preference,0_minimal_or_no_disclosure
wildchat_106,WildChat,1,1,0,0,0,0,0,1,0,0,0,0,0,0,2.772588722239781,0,career_work,factual_informational,0_no_stated_preference,0_minimal_or_no_disclosure
wildchat_107,WildChat,1,1,0,0,0,0,0,1,0,0,0,0,0,0,2.833213344056216,0,career_work,factual_informational,2_clear_stated_preference,0_minimal_or_no_disclosure
wildchat_108,WildChat,1,0,1,0,1,1,0,0,0,0,0,1,0,0,5.231108616854587,0,career_work,mixed,2_clear_stated_preference,1_factual_context
wildchat_109,WildChat,1,0,0,0,1,0,0,0,0,0,1,1,0,0,3.6109179126442243,0,career_work,factual_informational,0_no_stated_preference,0_minimal_or_no_disclosure
wildchat_110,WildChat,1,0,1,0,0,1,0,0,0,0,0,1,0,0,2.995732273553991,0,career_work,factual_informational,0_no_stated_preference,1_factual_context
wildchat_111,WildChat,1,1,1,0,0,0,1,1,0,0,1,0,0,0,3.2188758248682006,1,education_application,mixed,2_clear_stated_preference,1_factual_context
wildchat_112,WildChat,1,0,1,0,1,0,0,0,0,0,0,0,0,0,3.1780538303479458,0,career_work,factual_informational,0_no_stated_preference,1_factual_context
wildchat_113,WildChat,1,0,1,0,0,0,0,0,0,0,1,0,0,0,3.58351893845611,0,finance_business,factual_informational,0_no_stated_preference,1_factual_context
wildchat_114,WildChat,1,1,0,0,0,0,0,1,0,0,0,0,0,0,2.6390573296152584,0,health_wellbeing,factual_informational,0_no_stated_preference,0_minimal_or_no_disclosure
wildchat_115,WildChat,1,0,0,0,0,0,0,0,0,0,0,0,0,0,2.0794415416798357,0,career_work,uncertain,0_no_stated_preference,0_minimal_or_no_disclosure
wildchat_116,WildChat,1,1,1,1,0,0,1,0,0,0,1,0,0,1,4.6443908991413725,1,career_work,personal_situated,2_clear_stated_preference,2_personal_difficulty_or_preference
wildchat_117,WildChat,1,0,0,0,0,0,0,0,0,0,0,0,0,0,3.4011973816621555,0,finance_business,factual_informational,0_no_stated_preference,0_minimal_or_no_disclosure
wildchat_118,WildChat,1,0,0,0,0,0,0,0,0,0,1,0,0,0,2.5649493574615367,0,daily_life_practical,factual_informational,0_no_stated_preference,0_minimal_or_no_disclosure
wildchat_119,WildChat,1,0,0,0,0,0,0,1,0,0,1,0,0,0,4.59511985013459,0,career_work,factual_informational,0_no_stated_preference,0_minimal_or_no_disclosure
wildchat_120,WildChat,1,0,0,0,0,0,0,0,0,0,1,0,0,0,2.5649493574615367,0,career_work,factual_informational,0_no_stated_preference,0_minimal_or_no_disclosure
wildchat_121,WildChat,1,1,1,0,1,1,0,1,0,0,0,1,0,0,5.181783550292085,1,finance_business,mixed,2_clear_stated_preference,0_minimal_or_no_disclosure
wildchat_122,WildChat,1,0,0,0,0,0,0,0,0,0,0,0,0,0,1.9459101490553132,0,career_work,uncertain,0_no_stated_preference,0_minimal_or_no_disclosure
wildchat_123,WildChat,1,0,0,0,0,0,0,0,0,0,0,1,0,0,3.1354942159291497,0,finance_business,factual_informational,0_no_stated_preference,0_minimal_or_no_disclosure
wildchat_124,WildChat,1,0,0,0,0,0,0,0,0,0,1,0,0,0,4.07753744390572,0,creative,factual_informational,0_no_stated_preference,0_minimal_or_no_disclosure
wildchat_125,WildChat,1,0,0,0,0,0,0,0,0,0,0,0,0,0,2.772588722239781,0,career_work,factual_informational,0_no_stated_preference,1_factual_context
wildchat_126,WildChat,1,0,0,0,0,0,0,0,0,0,1,0,0,0,2.6390573296152584,0,daily_life_practical,factual_informational,0_no_stated_preference,0_minimal_or_no_disclosure
wildchat_127,WildChat,1,1,1,0,1,1,0,1,0,0,1,1,0,0,5.267858159063328,0,career_work,factual_informational,2_clear_stated_preference,1_factual_context
wildchat_128,WildChat,1,0,0,0,1,0,0,0,0,0,0,1,0,0,5.062595033026967,0,health_wellbeing,uncertain,0_no_stated_preference,0_minimal_or_no_disclosure
wildchat_129,WildChat,1,0,0,0,1,0,0,0,0,0,1,0,0,0,3.4657359027997265,1,daily_life_practical,mixed,0_no_stated_preference,2_personal_difficulty_or_preference
wildchat_130,WildChat,1,0,0,0,0,0,0,0,0,0,0,0,0,0,2.772588722239781,0,finance_business,factual_informational,0_no_stated_preference,0_minimal_or_no_disclosure
wildchat_131,WildChat,1,0,1,1,1,0,0,1,0,0,0,0,0,1,6.222576268071369,1,career_work,mixed,2_clear_stated_preference,3_vulnerable_or_intimate_disclosure
wildchat_132,WildChat,1,1,0,0,1,0,0,0,0,0,1,0,0,0,3.6635616461296463,1,daily_life_practical,personal_situated,2_clear_stated_preference,1_factual_context
wildchat_133,WildChat,1,0,1,0,1,1,0,0,0,0,1,0,0,0,3.1780538303479458,1,health_wellbeing,personal_situated,0_no_stated_preference,1_factual_context
wildchat_134,WildChat,1,1,1,0,1,0,0,1,0,0,1,0,0,0,5.14166355650266,1,legal_bureaucratic,personal_situated,2_clear_stated_preference,1_factual_context
wildchat_135,WildChat,1,1,0,0,0,1,1,0,0,0,0,0,0,0,2.772588722239781,1,education_application,personal_situated,0_no_stated_preference,0_minimal_or_no_disclosure
wildchat_136,WildChat,1,1,1,0,1,0,0,0,0,0,0,0,0,0,3.367295829986474,1,family,personal_situated,0_no_stated_preference,2_personal_difficulty_or_preference
wildchat_137,WildChat,1,1,0,0,1,0,0,1,0,0,1,0,0,0,2.3978952727983707,0,finance_business,factual_informational,0_no_stated_preference,0_minimal_or_no_disclosure
wildchat_138,WildChat,1,1,1,0,1,1,0,0,0,0,1,0,1,1,4.3694478524670215,1,career_work,personal_situated,2_clear_stated_preference,3_vulnerable_or_intimate_disclosure
wildchat_139,WildChat,1,0,1,1,0,0,1,1,0,0,0,0,1,1,4.927253685157205,1,health_wellbeing,personal_situated,0_no_stated_preference,2_personal_difficulty_or_preference
wildchat_140,WildChat,1,1,1,0,1,0,0,1,0,0,0,0,0,0,3.8918202981106265,1,education_application,personal_situated,1_weak_or_implicit_preference,2_personal_difficulty_or_preference
wildchat_141,WildChat,1,1,0,0,0,0,0,1,0,0,1,0,0,0,2.9444389791664403,0,daily_life_practical,factual_informational,0_no_stated_preference,0_minimal_or_no_disclosure
wildchat_142,WildChat,1,1,1,0,0,0,1,1,0,0,0,0,0,0,3.828641396489095,0,daily_life_practical,factual_informational,2_clear_stated_preference,1_factual_context
wildchat_143,WildChat,1,0,1,0,1,0,1,0,0,0,0,0,0,1,5.153291594497779,1,daily_life_practical,personal_situated,2_clear_stated_preference,2_personal_difficulty_or_preference
wildchat_144,WildChat,1,1,0,0,1,0,0,0,0,0,0,0,1,0,2.4849066497880004,1,relationship_social,personal_situated,0_no_stated_preference,2_personal_difficulty_or_preference
wildchat_145,WildChat,1,1,0,0,1,0,0,1,0,0,0,0,0,0,2.5649493574615367,0,relationship_social,uncertain,0_no_stated_preference,0_minimal_or_no_disclosure
wildchat_146,WildChat,1,0,1,0,1,0,0,0,0,0,0,0,0,0,3.2188758248682006,0,daily_life_practical,uncertain,0_no_stated_preference,1_factual_context
wildchat_147,WildChat,1,1,0,0,0,0,0,1,0,0,0,0,0,0,3.7376696182833684,0,finance_business,mixed,0_no_stated_preference,0_minimal_or_no_disclosure
wildchat_148,WildChat,1,0,0,0,1,1,0,0,0,0,0,1,0,0,2.772588722239781,0,career_work,factual_informational,0_no_stated_preference,0_minimal_or_no_disclosure
wildchat_149,WildChat,1,0,1,0,1,0,0,0,0,0,0,0,0,0,2.8903717578961645,0,daily_life_practical,factual_informational,0_no_stated_preference,1_factual_context
wildchat_150,WildChat,1,0,0,0,0,0,0,1,0,0,0,0,0,0,2.5649493574615367,0,daily_life_practical,factual_informational,0_no_stated_preference,0_minimal_or_no_disclosure
wildchat_151,WildChat,1,0,1,0,1,1,0,0,0,0,1,1,0,0,4.634728988229636,1,career_work,personal_situated,2_clear_stated_preference,1_factual_context
wildchat_152,WildChat,1,1,1,0,1,0,0,0,0,0,1,0,0,0,4.736198448394496,1,career_work,personal_situated,2_clear_stated_preference,1_factual_context
wildchat_153,WildChat,1,0,1,0,1,1,0,0,0,0,1,0,0,0,3.784189633918261,1,career_work,mixed,0_no_stated_preference,2_personal_difficulty_or_preference
wildchat_154,WildChat,1,1,0,0,0,0,0,0,0,0,1,0,0,0,3.332204510175204,0,health_wellbeing,factual_informational,2_clear_stated_preference,1_factual_context
wildchat_155,WildChat,1,0,0,0,0,0,0,0,0,0,1,0,0,0,2.3978952727983707,0,career_work,factual_informational,0_no_stated_preference,0_minimal_or_no_disclosure
wildchat_156,WildChat,1,1,0,0,1,0,0,1,0,0,0,0,0,0,2.70805020110221,0,daily_life_practical,factual_informational,0_no_stated_preference,0_minimal_or_no_disclosure
wildchat_157,WildChat,1,0,1,0,1,1,0,0,0,0,0,1,0,0,4.110873864173311,1,relationship_social,personal_situated,2_clear_stated_preference,1_factual_context
wildchat_158,WildChat,1,0,0,0,0,0,0,0,0,0,0,0,0,0,2.302585092994046,0,finance_business,factual_informational,0_no_stated_preference,0_minimal_or_no_disclosure
wildchat_159,WildChat,1,1,1,0,1,1,0,1,0,0,1,1,0,0,5.814130531825066,1,relationship_social,personal_situated,2_clear_stated_preference,2_personal_difficulty_or_preference
wildchat_160,WildChat,1,1,1,0,1,1,0,0,0,0,1,0,0,0,3.6375861597263857,1,relationship_social,personal_situated,2_clear_stated_preference,2_personal_difficulty_or_preference
wildchat_161,WildChat,1,1,1,0,1,0,0,1,0,0,0,0,0,0,4.0943445622221,1,legal_bureaucratic,personal_situated,0_no_stated_preference,1_factual_context
wildchat_162,WildChat,1,0,0,0,1,1,0,0,0,0,0,1,0,0,2.1972245773362196,1,relationship_social,personal_situated,0_no_stated_preference,0_minimal_or_no_disclosure
wildchat_163,WildChat,1,0,0,0,1,1,0,0,0,0,0,1,0,0,5.638354669333745,0,daily_life_practical,mixed,2_clear_stated_preference,0_minimal_or_no_disclosure
wildchat_164,WildChat,1,0,1,0,1,1,0,0,0,0,0,1,0,0,4.867534450455582,1,education_application,personal_situated,2_clear_stated_preference,1_factual_context
wildchat_165,WildChat,1,0,0,0,0,0,0,0,0,0,1,0,0,0,3.1354942159291497,0,finance_business,factual_informational,0_no_stated_preference,0_minimal_or_no_disclosure
wildchat_166,WildChat,1,1,1,0,1,0,0,0,0,0,0,0,0,0,3.58351893845611,1,creative,personal_situated,2_clear_stated_preference,2_personal_difficulty_or_preference
wildchat_167,WildChat,1,0,0,0,0,0,0,0,0,0,1,0,0,0,2.70805020110221,0,finance_business,uncertain,0_no_stated_preference,0_minimal_or_no_disclosure
wildchat_168,WildChat,1,0,0,0,1,1,0,0,0,0,0,1,0,0,3.044522437723423,0,relationship_social,factual_informational,0_no_stated_preference,0_minimal_or_no_disclosure
wildchat_169,WildChat,1,0,0,0,0,0,0,0,0,0,0,0,0,0,2.0794415416798357,0,relationship_social,uncertain,0_no_stated_preference,0_minimal_or_no_disclosure
wildchat_170,WildChat,1,0,1,0,1,1,0,0,0,0,1,0,0,0,3.6888794541139363,0,daily_life_practical,factual_informational,2_clear_stated_preference,0_minimal_or_no_disclosure
wildchat_171,WildChat,1,0,0,0,0,0,0,0,0,0,1,0,0,0,2.1972245773362196,0,creative,factual_informational,0_no_stated_preference,0_minimal_or_no_disclosure
wildchat_172,WildChat,1,0,0,0,1,0,0,1,0,0,0,0,0,0,3.9512437185814275,1,career_work,mixed,2_clear_stated_preference,1_factual_context
wildchat_173,WildChat,1,1,1,0,1,0,1,1,0,0,0,0,0,0,3.8918202981106265,1,finance_business,personal_situated,0_no_stated_preference,1_factual_context
wildchat_174,WildChat,1,1,1,1,0,0,0,0,0,0,1,0,0,0,3.4657359027997265,1,health_wellbeing,personal_situated,0_no_stated_preference,0_minimal_or_no_disclosure
wildchat_175,WildChat,1,1,1,0,0,0,0,0,0,0,0,0,0,0,3.332204510175204,1,finance_business,personal_situated,0_no_stated_preference,1_factual_context
wildchat_176,WildChat,1,1,1,0,1,1,0,1,0,0,1,0,0,0,4.110873864173311,1,family,personal_situated,2_clear_stated_preference,2_personal_difficulty_or_preference
wildchat_177,WildChat,1,0,1,0,1,1,0,0,0,0,0,1,0,0,3.4339872044851463,1,education_application,personal_situated,2_clear_stated_preference,1_factual_context
wildchat_178,WildChat,1,0,1,0,1,1,0,0,0,0,0,1,0,0,2.5649493574615367,1,daily_life_practical,personal_situated,0_no_stated_preference,1_factual_context
wildchat_179,WildChat,1,1,0,0,0,0,0,0,0,0,0,0,0,0,2.8903717578961645,0,health_wellbeing,factual_informational,0_no_stated_preference,0_minimal_or_no_disclosure
wildchat_180,WildChat,1,0,1,0,1,1,0,0,0,0,0,1,0,0,3.4657359027997265,1,relationship_social,personal_situated,0_no_stated_preference,1_factual_context
wildchat_181,WildChat,1,1,1,0,1,1,0,0,0,0,0,1,0,0,3.970291913552122,1,relationship_social,personal_situated,0_no_stated_preference,1_factual_context
wildchat_182,WildChat,1,0,1,0,1,1,0,0,0,0,0,1,0,0,3.4965075614664802,0,education_application,factual_informational,2_clear_stated_preference,1_factual_context
